isinCd,credit_rating,credit_spread,duration_sensitivity,rating_signal,spread_signal,duration_signal,total_score,available_signals,investment_priority
KR101501DC30,,-0.3479999999999998,중간,,STABLE,NEUTRAL,1,2,안정성 중심
KR101501DC63,,-0.2730000000000001,중간,,STABLE,NEUTRAL,1,2,안정성 중심
KR101501DC89,,-0.33,중간,,STABLE,NEUTRAL,1,2,안정성 중심
KR101501DCA3,,-0.2999999999999998,중간,,STABLE,NEUTRAL,1,2,안정성 중심
KR101501DD13,,0.1949999999999998,중간,,NEUTRAL,NEUTRAL,0,2,균형형
KR101501DD39,,0.4049999999999998,중간,,NEUTRAL,NEUTRAL,0,2,균형형
KR101501DD70,,0.2509999999999999,중간,,NEUTRAL,NEUTRAL,0,2,균형형
KR101501DD88,,-0.2269999999999998,중간,,STABLE,NEUTRAL,1,2,안정성 중심
KR101501DDA1,,-0.0009999999999998,중간,,STABLE,NEUTRAL,1,2,안정성 중심
KR101501DDC7,,0.0070000000000001,중간,,NEUTRAL,NEUTRAL,0,2,균형형
KR101501DE12,,0.1440000000000001,중간,,NEUTRAL,NEUTRAL,0,2,균형형
KR101501DE38,,0.0350000000000001,고민감,,NEUTRAL,YIELD,-1,2,수익률 중심
KR101501DE53,,0.1320000000000001,고민감,,NEUTRAL,YIELD,-1,2,수익률 중심
KR101501DE61,,0.137,고민감,,NEUTRAL,YIELD,-1,2,수익률 중심
KR101501DE79,,0.1360000000000001,고민감,,NEUTRAL,YIELD,-1,2,수익률 중심
KR101501DF78,,0.1180889801505817,고민감,,NEUTRAL,YIELD,-1,2,수익률 중심
KR101501DFC2,,-0.0515701574264202,고민감,,STABLE,YIELD,0,2,균형형
KR101501DG10,,0.1361786447638597,고민감,,NEUTRAL,YIELD,-1,2,수익률 중심
KR101501DG28,,0.1778227241615333,고민감,,NEUTRAL,YIELD,-1,2,수익률 중심
KR101501DG36,,0.1445715263518141,고민감,,NEUTRAL,YIELD,-1,2,수익률 중심
KR101501DG44,,0.2666187542778915,고민감,,NEUTRAL,YIELD,-1,2,수익률 중심
KR101501DG51,,0.2093675564681723,고민감,,NEUTRAL,YIELD,-1,2,수익률 중심
KR101501DG69,,0.2484147843942503,고민감,,NEUTRAL,YIELD,-1,2,수익률 중심
KR101501DG77,,0.2191635865845311,고민감,,NEUTRAL,YIELD,-1,2,수익률 중심
KR101501DG85,,0.2138268309377138,,,NEUTRAL,,0,1,INSUFFICIENT_DATA
KR10350172C8,,0.2179999999999999,고민감,,NEUTRAL,YIELD,-1,2,수익률 중심
KR103501GC90,,-0.1949999999999998,중간,,STABLE,NEUTRAL,1,2,안정성 중심
KR103501GE98,,0.016778918548939,고민감,,NEUTRAL,YIELD,-1,2,수익률 중심
KR103501GF63,,-0.2160000000000002,중간,,STABLE,NEUTRAL,1,2,안정성 중심
KR103501GF97,,-0.2810000000000001,중간,,STABLE,NEUTRAL,1,2,안정성 중심
KR103501GG39,,0.3129999999999997,고민감,,NEUTRAL,YIELD,-1,2,수익률 중심
KR103501GG62,,-0.0019999999999997,고민감,,STABLE,YIELD,0,2,균형형
KR10350270C0,,-1.4623032169746746,고민감,,STABLE,YIELD,0,2,균형형
KR1035027WC3,,0.1036221765913758,고민감,,NEUTRAL,YIELD,-1,2,수익률 중심
KR103502G693,,0.0459999999999993,고민감,,NEUTRAL,YIELD,-1,2,수익률 중심
KR103502G6C4,,-0.544,저민감,,STABLE,STABLE,2,2,안정성 중심
KR103502G768,,-0.3639999999999999,중간,,STABLE,NEUTRAL,1,2,안정성 중심
KR103502G990,,0.1079999999999996,고민감,,NEUTRAL,YIELD,-1,2,수익률 중심
KR103502G9C8,,0.0166221765913756,고민감,,NEUTRAL,YIELD,-1,2,수익률 중심
KR103502GA34,,0.3259999999999996,고민감,,NEUTRAL,YIELD,-1,2,수익률 중심
KR103502GA67,,0.078308692676249,고민감,,NEUTRAL,YIELD,-1,2,수익률 중심
KR103502GA91,,0.1550000000000002,고민감,,NEUTRAL,YIELD,-1,2,수익률 중심
KR103502GAC2,,0.024696783025325,고민감,,NEUTRAL,YIELD,-1,2,수익률 중심
KR103502GB33,,0.3609999999999997,고민감,,NEUTRAL,YIELD,-1,2,수익률 중심
KR103502GB66,,0.0123832991101986,고민감,,NEUTRAL,YIELD,-1,2,수익률 중심
KR103502GBC0,,0.1343325119780973,고민감,,NEUTRAL,YIELD,-1,2,수익률 중심
KR103502GC99,,0.306,고민감,,NEUTRAL,YIELD,-1,2,수익률 중심
KR103502GCC8,,0.1284323066392882,고민감,,NEUTRAL,YIELD,-1,2,수익률 중심
KR103502GD31,,0.3369999999999997,고민감,,NEUTRAL,YIELD,-1,2,수익률 중심
KR103502GD64,,0.138115811088296,고민감,,NEUTRAL,YIELD,-1,2,수익률 중심
KR103502GD98,,0.3449999999999997,고민감,,NEUTRAL,YIELD,-1,2,수익률 중심
KR103502GDC6,,0.058665708418891,고민감,,NEUTRAL,YIELD,-1,2,수익률 중심
KR103502GE30,,0.3449999999999997,고민감,,NEUTRAL,YIELD,-1,2,수익률 중심
KR103502GE63,,0.0393492128678989,고민감,,NEUTRAL,YIELD,-1,2,수익률 중심
KR103502GE97,,0.33,고민감,,NEUTRAL,YIELD,-1,2,수익률 중심
KR103502GF39,,0.3309999999999995,고민감,,NEUTRAL,YIELD,-1,2,수익률 중심
KR103502GF62,,0.0675826146475016,고민감,,NEUTRAL,YIELD,-1,2,수익률 중심
KR103502GG38,,-0.1749999999999998,중간,,STABLE,NEUTRAL,1,2,안정성 중심
KR103502GG61,,-2.5453175906913077,고민감,,STABLE,YIELD,0,2,균형형
KR103503G865,,-4.011,중간,,STABLE,NEUTRAL,1,2,안정성 중심
KR103503GB99,,0.2279999999999997,고민감,,NEUTRAL,YIELD,-1,2,수익률 중심
KR103503GE96,,-0.734,저민감,,STABLE,STABLE,2,2,안정성 중심
KR103503GF95,,0.0798535249828882,고민감,,NEUTRAL,YIELD,-1,2,수익률 중심
KR103503GG37,,0.0438384668035594,고민감,,NEUTRAL,YIELD,-1,2,수익률 중심
KR103503GG60,,0.0036824093086922,고민감,,NEUTRAL,YIELD,-1,2,수익률 중심
KR103504GC97,,0.274,고민감,,NEUTRAL,YIELD,-1,2,수익률 중심
KR103504GD96,,0.2429999999999994,고민감,,NEUTRAL,YIELD,-1,2,수익률 중심
KR103504GF94,,0.2859999999999996,고민감,,NEUTRAL,YIELD,-1,2,수익률 중심
KR103505GC96,,0.1909999999999998,고민감,,NEUTRAL,YIELD,-1,2,수익률 중심
KR2001024992,,-1.1229999999999998,저민감,,STABLE,STABLE,2,2,안정성 중심
KR20010249C5,,-0.1949999999999998,저민감,,STABLE,STABLE,2,2,안정성 중심
KR2001024E60,,0.1764147843942503,고민감,,NEUTRAL,YIELD,-1,2,수익률 중심
KR2001024F28,,0.3795103353867217,고민감,,NEUTRAL,YIELD,-1,2,수익률 중심
KR2001024FB5,,1.871768377823409,고민감,,YIELD,YIELD,-2,2,수익률 중심
KR2001024G76,,0.277301848049281,고민감,,NEUTRAL,YIELD,-1,2,수익률 중심
KR2001024G84,,0.2781600273785081,,,NEUTRAL,,0,1,INSUFFICIENT_DATA
KR2001034A21,,-0.5790000000000002,중간,,STABLE,NEUTRAL,1,2,안정성 중심
KR2002012CA8,,-0.2930000000000001,중간,,STABLE,NEUTRAL,1,2,안정성 중심
KR2002022G76,,0.2781635865845313,고민감,,NEUTRAL,YIELD,-1,2,수익률 중심
KR2002022G84,,0.2908268309377138,,,NEUTRAL,,0,1,INSUFFICIENT_DATA
KR2003022G74,,0.2781635865845313,고민감,,NEUTRAL,YIELD,-1,2,수익률 중심
KR2003022G82,,0.2908268309377138,,,NEUTRAL,,0,1,INSUFFICIENT_DATA
KR2004022G72,,0.2781635865845313,고민감,,NEUTRAL,YIELD,-1,2,수익률 중심
KR2004022G80,,0.2908268309377138,,,NEUTRAL,,0,1,INSUFFICIENT_DATA
KR2006014C71,,-0.2850000000000001,중간,,STABLE,NEUTRAL,1,2,안정성 중심
KR2006014G77,,0.240163586584531,고민감,,NEUTRAL,YIELD,-1,2,수익률 중심
KR2006014G85,,0.2908268309377138,,,NEUTRAL,,0,1,INSUFFICIENT_DATA
KR2006022G77,,0.2781635865845313,고민감,,NEUTRAL,YIELD,-1,2,수익률 중심
KR2006022G85,,0.2908268309377138,,,NEUTRAL,,0,1,INSUFFICIENT_DATA
KR2007022G75,,0.2781635865845313,고민감,,NEUTRAL,YIELD,-1,2,수익률 중심
KR2007022G83,,0.2908268309377138,,,NEUTRAL,,0,1,INSUFFICIENT_DATA
KR2007024G73,,0.2801635865845311,고민감,,NEUTRAL,YIELD,-1,2,수익률 중심
KR2007024G81,,0.2908268309377138,,,NEUTRAL,,0,1,INSUFFICIENT_DATA
KR2008012G75,,0.2781635865845313,고민감,,NEUTRAL,YIELD,-1,2,수익률 중심
KR2008012G83,,0.2908268309377138,,,NEUTRAL,,0,1,INSUFFICIENT_DATA
KR2022012D12,,0.5859999999999999,중간,,YIELD,NEUTRAL,-1,2,수익률 중심
KR2022022G74,,0.2781635865845313,고민감,,NEUTRAL,YIELD,-1,2,수익률 중심
KR2022022G82,,0.2908268309377138,,,NEUTRAL,,0,1,INSUFFICIENT_DATA
KR2033022G71,,0.2781635865845313,고민감,,NEUTRAL,YIELD,-1,2,수익률 중심
KR2033022G89,,0.2908268309377138,,,NEUTRAL,,0,1,INSUFFICIENT_DATA
KR2044022C80,,0.5260000000000002,중간,,YIELD,NEUTRAL,-1,2,수익률 중심
KR2044022G78,,0.2781635865845313,고민감,,NEUTRAL,YIELD,-1,2,수익률 중심
KR2044022G86,,0.2908268309377138,,,NEUTRAL,,0,1,INSUFFICIENT_DATA
KR2055012C96,,2.06,중간,,YIELD,NEUTRAL,-1,2,수익률 중심
KR2055022C37,,0.3240000000000003,중간,,NEUTRAL,NEUTRAL,0,2,균형형
KR2055022C45,,0.3909999999999995,중간,,NEUTRAL,NEUTRAL,0,2,균형형
KR2055022G74,,0.2781635865845313,고민감,,NEUTRAL,YIELD,-1,2,수익률 중심
KR2055022G82,,0.2908268309377138,,,NEUTRAL,,0,1,INSUFFICIENT_DATA
KR2066022C59,,-0.4060000000000001,중간,,STABLE,NEUTRAL,1,2,안정성 중심
KR2077022G78,,0.2781635865845313,고민감,,NEUTRAL,YIELD,-1,2,수익률 중심
KR2077022G86,,0.2908268309377138,,,NEUTRAL,,0,1,INSUFFICIENT_DATA
KR2088022G75,,0.2781635865845313,고민감,,NEUTRAL,YIELD,-1,2,수익률 중심
KR2088022G83,,0.2908268309377138,,,NEUTRAL,,0,1,INSUFFICIENT_DATA
KR2099032G70,,0.2781635865845313,고민감,,NEUTRAL,YIELD,-1,2,수익률 중심
KR2099032G88,,0.2908268309377138,,,NEUTRAL,,0,1,INSUFFICIENT_DATA
KR2100012G70,,0.2941635865845313,고민감,,NEUTRAL,YIELD,-1,2,수익률 중심
KR2100012G88,,0.2908268309377138,,,NEUTRAL,,0,1,INSUFFICIENT_DATA
KR2101012G78,,0.2781635865845313,고민감,,NEUTRAL,YIELD,-1,2,수익률 중심
KR2101012G86,,0.2908268309377138,,,NEUTRAL,,0,1,INSUFFICIENT_DATA
KR2106012G77,,0.2781635865845313,고민감,,NEUTRAL,YIELD,-1,2,수익률 중심
KR2106012G85,,0.2908268309377138,,,NEUTRAL,,0,1,INSUFFICIENT_DATA
KR310502GC82,AA0,0.407,,STABLE,NEUTRAL,,1,2,안정성 중심
KR310506AFB6,AAA,-0.3149999999999999,저민감,STABLE,STABLE,STABLE,3,3,안정성 중심
KR350101GB92,AAA,-0.5129999999999999,저민감,STABLE,STABLE,STABLE,3,3,안정성 중심
KR350103G9B0,AAA,-0.9940000000000002,저민감,STABLE,STABLE,STABLE,3,3,안정성 중심
KR350103GA18,AAA,-0.6309999999999998,저민감,STABLE,STABLE,STABLE,3,3,안정성 중심
KR350103GBB9,AAA,-0.0049999999999998,저민감,STABLE,STABLE,STABLE,3,3,안정성 중심
KR350104GA25,AAA,-0.6309999999999998,중간,STABLE,STABLE,NEUTRAL,2,3,안정성 중심
KR350105GEA0,AAA,-1.0470000000000002,저민감,STABLE,STABLE,STABLE,3,3,안정성 중심
KR350107GB96,AAA,-0.0670000000000001,저민감,STABLE,STABLE,STABLE,3,3,안정성 중심
KR350201GAB3,AAA,-0.274,중간,STABLE,STABLE,NEUTRAL,2,3,안정성 중심
KR354404GB98,AAA,2.6460000000000004,,STABLE,YIELD,,0,2,균형형
KR356101DE40,AAA,0.56,중간,STABLE,YIELD,NEUTRAL,0,3,균형형
KR356101DFB5,AAA,0.4440000000000004,중간,STABLE,NEUTRAL,NEUTRAL,1,3,안정성 중심
KR356101DG89,AAA,0.9367631759069136,,STABLE,YIELD,,0,2,균형형
KR3561027243,AAA,0.4229676933607114,고민감,STABLE,NEUTRAL,YIELD,0,3,균형형
KR3561127225,AAA,0.478445585215606,고민감,STABLE,NEUTRAL,YIELD,0,3,균형형
KR356801G6A0,AAA,-0.3130000000000001,저민감,STABLE,STABLE,STABLE,3,3,안정성 중심
KR380601GE34,A+,0.7379999999999995,,NEUTRAL,YIELD,,-1,2,수익률 중심
KR380801AG36,AAA,-0.673,저민감,STABLE,STABLE,STABLE,3,3,안정성 중심
KR380807GE85,AAA,-1.0059999999999998,저민감,STABLE,STABLE,STABLE,3,3,안정성 중심
KR381001G9A0,AA0,-0.2680533880903493,,STABLE,STABLE,,2,2,안정성 중심
KR381001GD70,AA-,1.109,,STABLE,YIELD,,0,2,균형형
KR381002GC47,AA-,0.1029999999999997,,STABLE,NEUTRAL,,1,2,안정성 중심
KR381003GD86,,,,,,,0,0,INSUFFICIENT_DATA
KR6000011D31,AA-,0.4260000000000001,,STABLE,NEUTRAL,,1,2,안정성 중심
KR6000011E48,AA-,0.0019999999999997,,STABLE,NEUTRAL,,1,2,안정성 중심
KR6000012C56,AA-,0.2939999999999996,,STABLE,NEUTRAL,,1,2,안정성 중심
KR6000014CA7,AA-,1.343,,STABLE,YIELD,,0,2,균형형
KR6000014F44,AAA,0.0230000000000001,저민감,STABLE,NEUTRAL,STABLE,2,3,안정성 중심
KR6000017F41,AA-,-0.516,,STABLE,STABLE,,2,2,안정성 중심
KR600001AFA9,AAA,-0.2469999999999999,저민감,STABLE,STABLE,STABLE,3,3,안정성 중심
KR6000153E38,BBB+,0.1669999999999998,중간,YIELD,NEUTRAL,NEUTRAL,-1,3,수익률 중심
KR6000153F11,BBB+,0.169,중간,YIELD,NEUTRAL,NEUTRAL,-1,3,수익률 중심
KR6000371C36,AA-,0.970575085557837,,STABLE,YIELD,,0,2,균형형
KR6000371C93,A+,2.25,,NEUTRAL,YIELD,,-1,2,수익률 중심
KR6000371E83,AA-,0.9696606433949349,,STABLE,YIELD,,0,2,균형형
KR6000401A57,BBB+,5.626455167693361,,YIELD,YIELD,,-2,2,수익률 중심
KR6000401BC4,BBB0,4.736000000000001,,YIELD,YIELD,,-2,2,수익률 중심
KR6000401C97,BBB+,4.6666594113620805,,YIELD,YIELD,,-2,2,수익률 중심
KR6000401D70,BBB+,4.6403018480492815,,YIELD,YIELD,,-2,2,수익률 중심
KR6000401DC0,BBB+,4.707467351129363,,YIELD,YIELD,,-2,2,수익률 중심
KR6000401E61,BBB+,4.872944284736482,,YIELD,YIELD,,-2,2,수익률 중심
KR6000401EB0,BBB+,4.159640109514031,,YIELD,YIELD,,-2,2,수익률 중심
KR6000541C56,A-,2.5329999999999995,,NEUTRAL,YIELD,,-1,2,수익률 중심
KR6000541E96,A0,3.204919644079397,,NEUTRAL,YIELD,,-1,2,수익률 중심
KR6000541F38,A-,2.763,,NEUTRAL,YIELD,,-1,2,수익률 중심
KR60007K1G22,BBB+,1.456,중간,YIELD,YIELD,NEUTRAL,-2,3,수익률 중심
KR6000821EA1,A0,1.1140000000000003,저민감,NEUTRAL,YIELD,STABLE,0,3,균형형
KR6000822EA9,A0,1.961,중간,NEUTRAL,YIELD,NEUTRAL,-1,3,수익률 중심
KR6001792F40,A-,0.7890000000000001,중간,NEUTRAL,YIELD,NEUTRAL,-1,3,수익률 중심
KR6002322F13,BBB+,0.387,중간,YIELD,NEUTRAL,NEUTRAL,-1,3,수익률 중심
KR6002322F54,BBB+,0.6329999999999996,중간,YIELD,YIELD,NEUTRAL,-2,3,수익률 중심
KR6002322G12,BBB+,1.995,중간,YIELD,YIELD,NEUTRAL,-2,3,수익률 중심
KR6002551F31,AA0,0.7736072553045856,,STABLE,YIELD,,0,2,균형형
KR6003342F25,A-,-0.4529999999999998,저민감,NEUTRAL,STABLE,STABLE,2,3,안정성 중심
KR6003342G24,A-,0.6190000000000002,중간,NEUTRAL,YIELD,NEUTRAL,-1,3,수익률 중심
KR6003343F24,A-,0.6220000000000003,저민감,NEUTRAL,YIELD,STABLE,0,3,균형형
KR6003343G72,A-,1.0779999999999998,중간,NEUTRAL,YIELD,NEUTRAL,-1,3,수익률 중심
KR6003412B99,A-,2.501,저민감,NEUTRAL,YIELD,STABLE,0,3,균형형
KR6003492E24,A0,0.3229999999999999,중간,NEUTRAL,NEUTRAL,NEUTRAL,0,3,균형형
KR6003492E65,A0,0.2000000000000001,중간,NEUTRAL,NEUTRAL,NEUTRAL,0,3,균형형
KR6003492EA8,A0,1.0989466119096511,고민감,NEUTRAL,YIELD,YIELD,-2,3,수익률 중심
KR6003492G63,A0,0.8980000000000001,고민감,NEUTRAL,YIELD,YIELD,-2,3,수익률 중심
KR6003493E23,A0,0.8900000000000001,중간,NEUTRAL,YIELD,NEUTRAL,-1,3,수익률 중심
KR6003493F97,A0,0.5309184120465433,고민감,NEUTRAL,YIELD,YIELD,-2,3,수익률 중심
KR6003691D32,AA0,1.2640000000000002,,STABLE,YIELD,,0,2,균형형
KR60040529A4,AA-,-0.8300000000000001,저민감,STABLE,STABLE,STABLE,3,3,안정성 중심
KR6005283F96,AAA,-0.0089999999999998,저민감,STABLE,STABLE,STABLE,3,3,안정성 중심
KR6005831G68,AA0,1.0939999999999994,,STABLE,YIELD,,0,2,균형형
KR6006221E25,A+,1.4749999999999996,,NEUTRAL,YIELD,,-1,2,수익률 중심
KR6008272F69,AA-,0.27,중간,STABLE,NEUTRAL,NEUTRAL,1,3,안정성 중심
KR6009201F22,A-,1.954,중간,NEUTRAL,YIELD,NEUTRAL,-1,3,수익률 중심
KR6011331FB3,BB-,,,YIELD,,,0,1,INSUFFICIENT_DATA
KR6011791G23,A0,0.5219999999999998,중간,NEUTRAL,YIELD,NEUTRAL,-1,3,수익률 중심
KR6023532E16,AA-,0.589,저민감,STABLE,YIELD,STABLE,1,3,안정성 중심
KR6023764E98,A0,1.624,저민감,NEUTRAL,YIELD,STABLE,0,3,균형형
KR6023764F22,A0,3.583,저민감,NEUTRAL,YIELD,STABLE,0,3,균형형
KR6023765F39,A0,-0.125,저민감,NEUTRAL,STABLE,STABLE,2,3,안정성 중심
KR6023766F46,A0,0.7680000000000002,중간,NEUTRAL,YIELD,NEUTRAL,-1,3,수익률 중심
KR602376AG79,A0,1.4979999999999998,중간,NEUTRAL,YIELD,NEUTRAL,-1,3,수익률 중심
KR6023785F19,AA-,0.294,중간,STABLE,NEUTRAL,NEUTRAL,1,3,안정성 중심
KR6025102E37,A+,1.993,중간,NEUTRAL,YIELD,NEUTRAL,-1,3,수익률 중심
KR6025901F39,BBB+,3.753,중간,YIELD,YIELD,NEUTRAL,-2,3,수익률 중심
KR6025901G61,BBB+,4.558,중간,YIELD,YIELD,NEUTRAL,-2,3,수익률 중심
KR6029272D91,A+,0.1709999999999998,저민감,NEUTRAL,NEUTRAL,STABLE,1,3,안정성 중심
KR6029692E50,A+,0.6960000000000002,중간,NEUTRAL,YIELD,NEUTRAL,-1,3,수익률 중심
KR6029693BB5,A+,1.4520000000000004,저민감,NEUTRAL,YIELD,STABLE,0,3,균형형
KR602969DE48,A+,0.9040000000000004,중간,NEUTRAL,YIELD,NEUTRAL,-1,3,수익률 중심
KR60302039A7,AAA,0.4295277207392201,고민감,STABLE,NEUTRAL,YIELD,0,3,균형형
KR6030625E76,A0,2.454,,NEUTRAL,YIELD,,-1,2,수익률 중심
KR6030627E58,A0,2.731,,NEUTRAL,YIELD,,-1,2,수익률 중심
KR6031012F33,A+,1.1919999999999995,중간,NEUTRAL,YIELD,NEUTRAL,-1,3,수익률 중심
KR6034021E94,A-,-0.2479999999999997,저민감,NEUTRAL,STABLE,STABLE,2,3,안정성 중심
KR6034022E93,A-,0.5500000000000003,중간,NEUTRAL,YIELD,NEUTRAL,-1,3,수익률 중심
KR6034222B94,A0,-0.2909999999999999,저민감,NEUTRAL,STABLE,STABLE,2,3,안정성 중심
KR6034612G48,A-,0.9200000000000004,중간,NEUTRAL,YIELD,NEUTRAL,-1,3,수익률 중심
KR6034831E86,A-,-0.0310000000000001,저민감,NEUTRAL,STABLE,STABLE,2,3,안정성 중심
KR6034832E28,A-,1.3569999999999998,중간,NEUTRAL,YIELD,NEUTRAL,-1,3,수익률 중심
KR6035651G21,BBB0,3.036,저민감,YIELD,YIELD,STABLE,-1,3,수익률 중심
KR6035651G47,BBB0,3.232,중간,YIELD,YIELD,NEUTRAL,-2,3,수익률 중심
KR6035652F88,BBB0,2.802,중간,YIELD,YIELD,NEUTRAL,-2,3,수익률 중심
KR6039331F97,B-,,저민감,YIELD,,STABLE,0,2,균형형
KR6039331G13,B-,,중간,YIELD,,NEUTRAL,-1,2,수익률 중심
KR6039331G47,B-,,중간,YIELD,,NEUTRAL,-1,2,수익률 중심
KR6042662EB7,A-,0.661,저민감,NEUTRAL,YIELD,STABLE,0,3,균형형
KR6042662F25,A-,1.0100000000000002,중간,NEUTRAL,YIELD,NEUTRAL,-1,3,수익률 중심
KR6042662F74,A-,0.3809999999999998,중간,NEUTRAL,NEUTRAL,NEUTRAL,0,3,균형형
KR6042662G24,A-,1.0799999999999996,중간,NEUTRAL,YIELD,NEUTRAL,-1,3,수익률 중심
KR6046291F90,A0,0.181,저민감,NEUTRAL,NEUTRAL,STABLE,1,3,안정성 중심
KR6046291FC6,A0,0.991,저민감,NEUTRAL,YIELD,STABLE,0,3,균형형
KR6046292FC4,A0,0.2520000000000002,저민감,NEUTRAL,NEUTRAL,STABLE,1,3,안정성 중심
KR6046293F23,A0,2.499,저민감,NEUTRAL,YIELD,STABLE,0,3,균형형
KR6046294EA7,A0,1.0450000000000004,저민감,NEUTRAL,YIELD,STABLE,0,3,균형형
KR6046297F11,A0,0.7840000000000003,저민감,NEUTRAL,YIELD,STABLE,0,3,균형형
KR6046297F29,A0,0.7319999999999998,저민감,NEUTRAL,YIELD,STABLE,0,3,균형형
KR6046297FA7,A0,0.9040000000000004,,NEUTRAL,YIELD,,-1,2,수익률 중심
KR6046297FB5,A0,1.7479999999999998,저민감,NEUTRAL,YIELD,STABLE,0,3,균형형
KR6048711EA8,BBB+,2.3480000000000003,저민감,YIELD,YIELD,STABLE,-1,3,수익률 중심
KR6048712EA6,BBB+,2.781,중간,YIELD,YIELD,NEUTRAL,-2,3,수익률 중심
KR6051913B27,AA0,0.028,중간,STABLE,NEUTRAL,NEUTRAL,1,3,안정성 중심
KR6055551C16,AA-,-0.2640000000000002,,STABLE,STABLE,,2,2,안정성 중심
KR6055551D72,AA-,1.0889999999999995,,STABLE,YIELD,,0,2,균형형
KR6060005C67,AA-,0.7109999999999994,,STABLE,YIELD,,0,2,균형형
KR6064981B19,AAA,0.0956707734428472,고민감,STABLE,NEUTRAL,YIELD,0,3,균형형
KR606590A792,AA+,-0.0379999999999998,,STABLE,STABLE,,2,2,안정성 중심
KR6066574924,AA0,0.3429123887748115,고민감,STABLE,NEUTRAL,YIELD,0,3,균형형
KR6066971F95,BB0,0.6121519507186863,,YIELD,YIELD,,-2,2,수익률 중심
KR6067171G17,BB-,2.770848733744011,,YIELD,YIELD,,-2,2,수익률 중심
KR6068172BB2,AAA,-0.1219999999999998,저민감,STABLE,STABLE,STABLE,3,3,안정성 중심
KR6073981D59,AA0,1.553,,STABLE,YIELD,,0,2,균형형
KR6073981EB3,AA0,0.5919999999999996,,STABLE,YIELD,,0,2,균형형
KR6079161C75,BBB+,-4.208,,YIELD,STABLE,,0,2,균형형
KR6079161F72,A-,1.903,저민감,NEUTRAL,YIELD,STABLE,0,3,균형형
KR6079162F71,A-,2.079,중간,NEUTRAL,YIELD,NEUTRAL,-1,3,수익률 중심
KR6082481C98,A+,2.454052019164956,,NEUTRAL,YIELD,,-1,2,수익률 중심
KR6082481D30,A+,2.3228732375085563,,NEUTRAL,YIELD,,-1,2,수익률 중심
KR6082481E96,A+,1.7393852156057497,,NEUTRAL,YIELD,,-1,2,수익률 중심
KR6082481EC1,A+,1.6004335386721422,,NEUTRAL,YIELD,,-1,2,수익률 중심
KR6086521F23,BBB+,-0.8559999999999999,저민감,YIELD,STABLE,STABLE,1,3,안정성 중심
KR6086791C60,AA-,0.3529999999999997,,STABLE,NEUTRAL,,1,2,안정성 중심
KR6086791D85,AA-,1.0309999999999997,,STABLE,YIELD,,0,2,균형형
KR6086891DC9,B+,-3.746,,YIELD,STABLE,,0,2,균형형
KR6086951C66,A-,2.744477481177276,,NEUTRAL,YIELD,,-1,2,수익률 중심
KR6086951D40,A-,4.629128131416837,,NEUTRAL,YIELD,,-1,2,수익률 중심
KR6086951D65,A-,4.603314168377823,,NEUTRAL,YIELD,,-1,2,수익률 중심
KR6086951E31,A-,4.779973032169747,,NEUTRAL,YIELD,,-1,2,수익률 중심
KR6086951E56,A-,4.584685284052019,,NEUTRAL,YIELD,,-1,2,수익률 중심
KR6087801E80,A0,1.9135270362765235,,NEUTRAL,YIELD,,-1,2,수익률 중심
KR6088351C68,AA+,1.3619471594798087,,STABLE,YIELD,,0,2,균형형
KR6088351D83,AA+,1.6640346338124568,,STABLE,YIELD,,0,2,균형형
KR6088351E74,AA0,0.7999999999999998,,STABLE,YIELD,,0,2,균형형
KR6095081C37,A+,0.6669999999999998,,NEUTRAL,YIELD,,-1,2,수익률 중심
KR6095081C94,AA-,2.013052019164956,,STABLE,YIELD,,0,2,균형형
KR6095081F26,AA-,1.4642105407255306,,STABLE,YIELD,,0,2,균형형
KR6095231FC2,A0,0.165,저민감,NEUTRAL,NEUTRAL,STABLE,1,3,안정성 중심
KR6095232FB2,A0,1.1949999999999998,중간,NEUTRAL,YIELD,NEUTRAL,-1,3,수익률 중심
KR6095234F22,A0,0.6380000000000003,저민감,NEUTRAL,YIELD,STABLE,0,3,균형형
KR6095234F30,A0,1.0290000000000004,중간,NEUTRAL,YIELD,NEUTRAL,-1,3,수익률 중심
KR6095235F96,A0,1.8400000000000003,중간,NEUTRAL,YIELD,NEUTRAL,-1,3,수익률 중심
KR6095237F94,A0,0.802,중간,NEUTRAL,YIELD,NEUTRAL,-1,3,수익률 중심
KR60959219A1,AA-,0.3215592060232719,고민감,STABLE,NEUTRAL,YIELD,0,3,균형형
KR6103161EB6,BBB0,2.34,,YIELD,YIELD,,-2,2,수익률 중심
KR6105561C25,AA-,-0.1840000000000001,,STABLE,STABLE,,2,2,안정성 중심
KR6105561C58,AA-,0.5,,STABLE,NEUTRAL,,1,2,안정성 중심
KR6105561D24,AA-,0.875,,STABLE,YIELD,,0,2,균형형
KR6105562B58,AA-,-0.3080000000000003,,STABLE,STABLE,,2,2,안정성 중심
KR6105563B24,AA-,-0.6510000000000002,,STABLE,STABLE,,2,2,안정성 중심
KR6108261B80,AA0,-0.2942379192334017,,STABLE,STABLE,,2,2,안정성 중심
KR6108672B91,A+,0.9019999999999996,저민감,NEUTRAL,YIELD,STABLE,0,3,균형형
KR6120112E42,A0,2.19,중간,NEUTRAL,YIELD,NEUTRAL,-1,3,수익률 중심
KR6123272EB7,A0,0.661,저민감,NEUTRAL,YIELD,STABLE,0,3,균형형
KR6123892E42,A-,1.978,중간,NEUTRAL,YIELD,NEUTRAL,-1,3,수익률 중심
KR6123892F25,A-,2.015,중간,NEUTRAL,YIELD,NEUTRAL,-1,3,수익률 중심
KR6138041E24,A+,1.649,,NEUTRAL,YIELD,,-1,2,수익률 중심
KR6138041F49,A+,0.8010000000000002,,NEUTRAL,YIELD,,-1,2,수익률 중심
KR6138931D93,AA-,1.4639999999999995,,STABLE,YIELD,,0,2,균형형
KR6138931E27,AA-,0.8689999999999998,,STABLE,YIELD,,0,2,균형형
KR6139131D65,AA-,1.5599999999999996,,STABLE,YIELD,,0,2,균형형
KR6139482G18,AA-,0.141,중간,STABLE,NEUTRAL,NEUTRAL,1,3,안정성 중심
KR6140481F83,BBB0,,저민감,YIELD,,STABLE,0,2,균형형
KR6140481G25,BBB0,,,YIELD,,,0,1,INSUFFICIENT_DATA
KR6140483F24,BBB0,,저민감,YIELD,,STABLE,0,2,균형형
KR6150351D99,A+,0.565,저민감,NEUTRAL,YIELD,STABLE,0,3,균형형
KR6150351E64,A+,1.767,중간,NEUTRAL,YIELD,NEUTRAL,-1,3,수익률 중심
KR6150351E98,A+,1.6140000000000003,중간,NEUTRAL,YIELD,NEUTRAL,-1,3,수익률 중심
KR6150351F48,A+,2.128,중간,NEUTRAL,YIELD,NEUTRAL,-1,3,수익률 중심
KR6150351F89,A+,2.028,중간,NEUTRAL,YIELD,NEUTRAL,-1,3,수익률 중심
KR6150351G21,A+,2.435,중간,NEUTRAL,YIELD,NEUTRAL,-1,3,수익률 중심
KR6155722G30,A+,0.794,중간,NEUTRAL,YIELD,NEUTRAL,-1,3,수익률 중심
KR6157181C34,AA0,0.443368514715948,,STABLE,NEUTRAL,,1,2,안정성 중심
KR6166261FB5,AA-,-0.4599999999999999,,STABLE,STABLE,,2,2,안정성 중심
KR6169371E60,A-,2.459,,NEUTRAL,YIELD,,-1,2,수익률 중심
KR6169376F64,A-,1.4929999999999994,,NEUTRAL,YIELD,,-1,2,수익률 중심
KR6169379E54,A+,,저민감,NEUTRAL,,STABLE,1,2,안정성 중심
KR6175331E41,A+,0.9779999999999998,,NEUTRAL,YIELD,,-1,2,수익률 중심
KR6175331E90,A+,0.5779999999999994,,NEUTRAL,YIELD,,-1,2,수익률 중심
KR6175331EC6,A+,0.7930000000000001,,NEUTRAL,YIELD,,-1,2,수익률 중심
KR6181651DA5,A0,3.0809999999999995,,NEUTRAL,YIELD,,-1,2,수익률 중심
KR6181652C26,A+,-0.2479999999999997,저민감,NEUTRAL,STABLE,STABLE,2,3,안정성 중심
KR6192521C55,A+,1.045,,NEUTRAL,YIELD,,-1,2,수익률 중심
KR6206352E97,BBB0,4.751999999999999,저민감,YIELD,YIELD,STABLE,-1,3,수익률 중심
KR6214341F37,A0,0.794,저민감,NEUTRAL,YIELD,STABLE,0,3,균형형
KR6214341F60,A0,0.137,저민감,NEUTRAL,NEUTRAL,STABLE,1,3,안정성 중심
KR6214342EA0,A0,0.1539999999999999,저민감,NEUTRAL,NEUTRAL,STABLE,1,3,안정성 중심
KR6214342G35,A0,1.4019999999999997,중간,NEUTRAL,YIELD,NEUTRAL,-1,3,수익률 중심
KR6214343F43,A0,1.041,중간,NEUTRAL,YIELD,NEUTRAL,-1,3,수익률 중심
KR6214343G34,A0,1.3030000000000004,중간,NEUTRAL,YIELD,NEUTRAL,-1,3,수익률 중심
KR6214344F67,A0,0.2710000000000003,저민감,NEUTRAL,NEUTRAL,STABLE,1,3,안정성 중심
KR6214346EB9,A0,-0.084,저민감,NEUTRAL,STABLE,STABLE,2,3,안정성 중심
KR6214348E49,A0,0.6830000000000003,중간,NEUTRAL,YIELD,NEUTRAL,-1,3,수익률 중심
KR621434AEB8,A0,0.1030000000000002,저민감,NEUTRAL,NEUTRAL,STABLE,1,3,안정성 중심
KR6251272E33,A+,0.7760000000000002,중간,NEUTRAL,YIELD,NEUTRAL,-1,3,수익률 중심
KR6290291F86,A-,1.2899999999999996,중간,NEUTRAL,YIELD,NEUTRAL,-1,3,수익률 중심
KR6294871F60,A0,0.948,중간,NEUTRAL,YIELD,NEUTRAL,-1,3,수익률 중심
KR6310101F41,A0,-0.0150000000000001,저민감,NEUTRAL,STABLE,STABLE,2,3,안정성 중심
KR6310102F32,A0,3.881,저민감,NEUTRAL,YIELD,STABLE,0,3,균형형
KR6310102FC4,A0,0.4920000000000004,중간,NEUTRAL,NEUTRAL,NEUTRAL,0,3,균형형
KR6310106F61,A0,0.9620000000000002,중간,NEUTRAL,YIELD,NEUTRAL,-1,3,수익률 중심
KR6310107F60,A0,1.0770000000000004,중간,NEUTRAL,YIELD,NEUTRAL,-1,3,수익률 중심
KR6310108F36,A0,1.0260000000000002,중간,NEUTRAL,YIELD,NEUTRAL,-1,3,수익률 중심
KR6316141995,AA0,0.3379999999999996,,STABLE,NEUTRAL,,1,2,안정성 중심
KR6316141C27,AA-,-0.0750000000000001,,STABLE,STABLE,,2,2,안정성 중심
KR6316141D26,AA-,0.4580000000000002,,STABLE,NEUTRAL,,1,2,안정성 중심
KR6316141E25,AA-,0.3039999999999994,,STABLE,NEUTRAL,,1,2,안정성 중심
KR6329183E19,AA-,0.0350000000000001,저민감,STABLE,NEUTRAL,STABLE,2,3,안정성 중심
KR6331593E27,A0,1.1960000000000002,중간,NEUTRAL,YIELD,NEUTRAL,-1,3,수익률 중심
KR6336262F33,BBB0,1.451,중간,YIELD,YIELD,NEUTRAL,-2,3,수익률 중심
KR6336262F82,BBB0,1.5020000000000002,중간,YIELD,YIELD,NEUTRAL,-2,3,수익률 중심
KR6348371EB6,BB0,-3.780095140314853,,YIELD,STABLE,,0,2,균형형
KR6361612E21,A-,1.5799999999999996,중간,NEUTRAL,YIELD,NEUTRAL,-1,3,수익률 중심
KR6361612FA4,A-,0.9120000000000004,중간,NEUTRAL,YIELD,NEUTRAL,-1,3,수익률 중심
KR6404712DA6,A+,1.2550000000000003,저민감,NEUTRAL,YIELD,STABLE,0,3,균형형
KR6404712E36,A+,1.3039999999999998,중간,NEUTRAL,YIELD,NEUTRAL,-1,3,수익률 중심
KR6427082F20,A+,0.790224503764545,고민감,NEUTRAL,YIELD,YIELD,-2,3,수익률 중심
KR6473521DC3,AA+,0.4389999999999996,저민감,STABLE,NEUTRAL,STABLE,2,3,안정성 중심
KRC0355P2694,,-0.902,저민감,,STABLE,STABLE,2,2,안정성 중심
KRC035AP26C3,,-0.7000000000000002,저민감,,STABLE,STABLE,2,2,안정성 중심
KRC035FP2732,,-0.3729999999999998,중간,,STABLE,NEUTRAL,1,2,안정성 중심
