isinCd,ytm,coupon_rate,after_tax_yield_approx,calculation_status
KR101501DC30,3.398,1.0,3.244,CALCULATED
KR101501DC63,3.473,1.0,3.319,CALCULATED
KR101501DC89,3.416,1.0,3.262,CALCULATED
KR101501DCA3,3.446,1.0,3.2920000000000003,CALCULATED
KR101501DD13,3.941,1.3,3.7407999999999997,CALCULATED
KR101501DD39,4.151,1.3,3.9507999999999996,CALCULATED
KR101501DD70,3.997,1.3,3.7967999999999997,CALCULATED
KR101501DD88,3.519,1.3,3.3188,CALCULATED
KR101501DDA1,3.745,1.3,3.5448,CALCULATED
KR101501DDC7,3.753,1.3,3.5528,CALCULATED
KR101501DE12,3.89,1.3,3.6898,CALCULATED
KR101501DE38,3.781,1.3,3.5808,CALCULATED
KR101501DE53,3.878,1.3,3.6778,CALCULATED
KR101501DE61,3.883,1.3,3.6828,CALCULATED
KR101501DE79,3.882,1.3,3.6818,CALCULATED
KR101501DF78,3.971,1.0,3.817,CALCULATED
KR101501DFC2,3.847,1.0,3.693,CALCULATED
KR101501DG10,4.044,1.0,3.8899999999999997,CALCULATED
KR101501DG28,4.094,1.0,3.9400000000000004,CALCULATED
KR101501DG36,4.07,1.0,3.9160000000000004,CALCULATED
KR101501DG44,4.201,1.0,4.047,CALCULATED
KR101501DG51,4.153,1.0,3.9989999999999997,CALCULATED
KR101501DG69,4.201,1.0,4.047,CALCULATED
KR101501DG77,4.181,1.0,4.027,CALCULATED
KR101501DG85,4.181,1.0,4.027,CALCULATED
KR10350172C8,4.426,3.0,3.9640000000000004,CALCULATED
KR103501GC90,3.551,3.125,3.06975,CALCULATED
KR103501GE98,3.773,3.0,3.311,CALCULATED
KR103501GF63,3.53,2.25,3.1835,CALCULATED
KR103501GF97,3.465,2.25,3.1185,CALCULATED
KR103501GG39,4.521,3.5,3.9819999999999998,CALCULATED
KR103501GG62,3.744,3.5,3.205,CALCULATED
KR10350270C0,2.43,4.75,1.6985000000000001,CALCULATED
KR1035027WC3,3.887,5.5,3.04,CALCULATED
KR103502G693,4.254,1.5,4.023,CALCULATED
KR103502G6C4,3.202,1.5,2.971,CALCULATED
KR103502G768,3.382,2.125,3.0547500000000003,CALCULATED
KR103502G990,4.316,1.125,4.1427499999999995,CALCULATED
KR103502G9C8,3.8,1.375,3.58825,CALCULATED
KR103502GA34,4.534,1.5,4.303,CALCULATED
KR103502GA67,3.916,1.375,3.70425,CALCULATED
KR103502GA91,4.363,1.5,4.132000000000001,CALCULATED
KR103502GAC2,3.917,1.5,3.686,CALCULATED
KR103502GB33,4.569,1.875,4.28025,CALCULATED
KR103502GB66,3.959,2.0,3.6510000000000002,CALCULATED
KR103502GBC0,4.115,2.375,3.74925,CALCULATED
KR103502GC99,4.514,3.125,4.03275,CALCULATED
KR103502GCC8,4.158,4.25,3.5035000000000003,CALCULATED
KR103502GD31,4.545,3.25,4.0445,CALCULATED
KR103502GD64,4.192,3.25,3.6915000000000004,CALCULATED
KR103502GD98,4.553,3.625,3.99475,CALCULATED
KR103502GDC6,4.137,4.125,3.5017499999999995,CALCULATED
KR103502GE30,4.553,3.25,4.0525,CALCULATED
KR103502GE63,4.142,3.5,3.603,CALCULATED
KR103502GE97,4.538,2.75,4.1145000000000005,CALCULATED
KR103502GF39,4.539,2.625,4.1347499999999995,CALCULATED
KR103502GF62,4.219,2.625,3.81475,CALCULATED
KR103502GG38,3.571,3.0,3.109,CALCULATED
KR103502GG61,1.655,1.125,1.4817500000000001,CALCULATED
KR103503G865,-0.265,1.75,-0.5345,CALCULATED
KR103503GB99,4.436,1.875,4.14725,CALCULATED
KR103503GE96,3.012,2.875,2.5692500000000003,CALCULATED
KR103503GF95,3.945,2.5,3.5599999999999996,CALCULATED
KR103503GG37,3.963,3.375,3.44325,CALCULATED
KR103503GG60,4.204,4.25,3.5494999999999997,CALCULATED
KR103504GC97,4.482,3.25,3.9815000000000005,CALCULATED
KR103504GD96,4.451,3.875,3.8542499999999995,CALCULATED
KR103504GF94,4.494,2.75,4.0705,CALCULATED
KR103505GC96,4.399,3.5,3.86,CALCULATED
KR2001024992,2.623,1.25,2.4305000000000003,CALCULATED
KR20010249C5,3.551,1.0,3.3970000000000002,CALCULATED
KR2001024E60,4.129,2.5,3.7439999999999998,CALCULATED
KR2001024F28,4.371,2.5,3.9860000000000007,CALCULATED
KR2001024FB5,5.9,2.0,5.5920000000000005,CALCULATED
KR2001024G76,4.338,2.0,4.03,CALCULATED
KR2001024G84,4.343,2.0,4.035,CALCULATED
KR2001034A21,3.167,1.0,3.013,CALCULATED
KR2002012CA8,3.453,1.05,3.2912999999999997,CALCULATED
KR2002022G76,4.24,2.0,3.9320000000000004,CALCULATED
KR2002022G84,4.258,2.0,3.95,CALCULATED
KR2003022G74,4.24,2.0,3.9320000000000004,CALCULATED
KR2003022G82,4.258,2.0,3.95,CALCULATED
KR2004022G72,4.24,2.0,3.9320000000000004,CALCULATED
KR2004022G80,4.258,2.0,3.95,CALCULATED
KR2006014C71,3.461,1.05,3.2992999999999997,CALCULATED
KR2006014G77,4.202,2.0,3.894,CALCULATED
KR2006014G85,4.258,2.0,3.95,CALCULATED
KR2006022G77,4.24,2.0,3.9320000000000004,CALCULATED
KR2006022G85,4.258,2.0,3.95,CALCULATED
KR2007022G75,4.24,2.0,3.9320000000000004,CALCULATED
KR2007022G83,4.258,2.0,3.95,CALCULATED
KR2007024G73,4.242,2.0,3.934,CALCULATED
KR2007024G81,4.258,2.0,3.95,CALCULATED
KR2008012G75,4.24,2.0,3.9320000000000004,CALCULATED
KR2008012G83,4.258,2.0,3.95,CALCULATED
KR2022012D12,4.332,2.5,3.947,CALCULATED
KR2022022G74,4.24,2.0,3.9320000000000004,CALCULATED
KR2022022G82,4.258,2.0,3.95,CALCULATED
KR2033022G71,4.24,2.0,3.9320000000000004,CALCULATED
KR2033022G89,4.258,2.0,3.95,CALCULATED
KR2044022C80,4.272,1.05,4.1103000000000005,CALCULATED
KR2044022G78,4.24,2.0,3.9320000000000004,CALCULATED
KR2044022G86,4.258,2.0,3.95,CALCULATED
KR2055012C96,5.806,1.05,5.6443,CALCULATED
KR2055022C37,4.07,1.05,3.9083,CALCULATED
KR2055022C45,4.137,1.05,3.9752999999999994,CALCULATED
KR2055022G74,4.24,2.0,3.9320000000000004,CALCULATED
KR2055022G82,4.258,2.0,3.95,CALCULATED
KR2066022C59,3.34,1.05,3.1782999999999997,CALCULATED
KR2077022G78,4.24,2.0,3.9320000000000004,CALCULATED
KR2077022G86,4.258,2.0,3.95,CALCULATED
KR2088022G75,4.24,2.0,3.9320000000000004,CALCULATED
KR2088022G83,4.258,2.0,3.95,CALCULATED
KR2099032G70,4.24,2.0,3.9320000000000004,CALCULATED
KR2099032G88,4.258,2.0,3.95,CALCULATED
KR2100012G70,4.256,2.0,3.9480000000000004,CALCULATED
KR2100012G88,4.258,2.0,3.95,CALCULATED
KR2101012G78,4.24,2.0,3.9320000000000004,CALCULATED
KR2101012G86,4.258,2.0,3.95,CALCULATED
KR2106012G77,4.24,2.0,3.9320000000000004,CALCULATED
KR2106012G85,4.258,2.0,3.95,CALCULATED
KR310502GC82,4.615,4.59,3.9081400000000004,CALCULATED
KR310506AFB6,3.431,2.78,3.00288,CALCULATED
KR350101GB92,3.233,1.938,2.934548,CALCULATED
KR350103G9B0,2.752,1.862,2.4652519999999996,CALCULATED
KR350103GA18,3.115,1.79,2.83934,CALCULATED
KR350103GBB9,3.741,2.528,3.3516880000000002,CALCULATED
KR350104GA25,3.115,1.515,2.8816900000000003,CALCULATED
KR350105GEA0,2.699,3.229,2.201734,CALCULATED
KR350107GB96,3.679,2.059,3.3619139999999996,CALCULATED
KR350201GAB3,3.472,1.61,3.22406,CALCULATED
KR354404GB98,6.392,1.876,6.103096000000001,CALCULATED
KR356101DE40,4.306,3.05,3.8363,CALCULATED
KR356101DFB5,4.19,2.22,3.84812,CALCULATED
KR356101DG89,4.69,2.66,4.28036,CALCULATED
KR3561027243,4.419,4.41,3.7398599999999997,CALCULATED
KR3561127225,4.469,4.35,3.7991,CALCULATED
KR356801G6A0,3.433,2.27,3.08342,CALCULATED
KR380601GE34,4.946,4.9,4.1914,CALCULATED
KR380801AG36,3.073,2.75,2.6494999999999997,CALCULATED
KR380807GE85,2.74,3.2,2.2472000000000003,CALCULATED
KR381001G9A0,3.501,2.15,3.1698999999999997,CALCULATED
KR381001GD70,5.317,5.3,4.5008,CALCULATED
KR381002GC47,4.311,4.3,3.6488,CALCULATED
KR381003GD86,45.589,,,MISSING_COUPON
KR6000011D31,4.634,4.63,3.92098,CALCULATED
KR6000011E48,4.21,4.19,3.56474,CALCULATED
KR6000012C56,4.502,4.5,3.8089999999999997,CALCULATED
KR6000014CA7,5.551,5.7,4.6732000000000005,CALCULATED
KR6000014F44,3.769,2.55,3.3763,CALCULATED
KR6000017F41,3.692,3.45,3.1607000000000003,CALCULATED
KR600001AFA9,3.499,2.59,3.10014,CALCULATED
KR6000153E38,3.913,4.801,3.1736459999999997,CALCULATED
KR6000153F11,3.915,4.178,3.271588,CALCULATED
KR6000371C36,4.963,4.9,4.2084,CALCULATED
KR6000371C93,6.458,6.5,5.457000000000001,CALCULATED
KR6000371E83,5.083,4.78,4.3468800000000005,CALCULATED
KR6000401A57,9.454,6.08,8.51768,CALCULATED
KR6000401BC4,8.944,6.8,7.896800000000001,CALCULATED
KR6000401C97,8.683,6.9,7.6204,CALCULATED
KR6000401D70,8.701,7.5,7.546,CALCULATED
KR6000401DC0,8.785,7.29,7.66234,CALCULATED
KR6000401E61,8.978,6.8,7.9308,CALCULATED
KR6000401EB0,8.283,6.2,7.3282,CALCULATED
KR6000541C56,6.741,6.5,5.74,CALCULATED
KR6000541E96,7.322,6.3,6.3518,CALCULATED
KR6000541F38,6.971,6.1,6.0316,CALCULATED
KR60007K1G22,5.202,5.69,4.32574,CALCULATED
KR6000821EA1,4.86,5.4,4.0284,CALCULATED
KR6000822EA9,5.707,5.7,4.8292,CALCULATED
KR6001792F40,4.535,3.663,3.970898,CALCULATED
KR6002322F13,4.133,4.141,3.495286,CALCULATED
KR6002322F54,4.379,4.043,3.7563779999999998,CALCULATED
KR6002322G12,5.741,4.135,5.10421,CALCULATED
KR6002551F31,4.913,4.2,4.2662,CALCULATED
KR6003342F25,3.293,4.532,2.595072,CALCULATED
KR6003342G24,4.365,3.907,3.763322,CALCULATED
KR6003343F24,4.368,4.656,3.6509760000000004,CALCULATED
KR6003343G72,4.824,5.153,4.030438,CALCULATED
KR6003412B99,6.247,2.962,5.790852,CALCULATED
KR6003492E24,4.069,4.499,3.376154,CALCULATED
KR6003492E65,3.946,3.989,3.331694,CALCULATED
KR6003492EA8,4.868,4.135,4.231210000000001,CALCULATED
KR6003492G63,4.644,4.71,3.91866,CALCULATED
KR6003493E23,4.636,4.794,3.897724,CALCULATED
KR6003493F97,4.551,3.73,3.9765800000000002,CALCULATED
KR6003691D32,5.472,5.5,4.625,CALCULATED
KR60040529A4,2.916,1.882,2.626172,CALCULATED
KR6005283F96,3.737,2.59,3.33814,CALCULATED
KR6005831G68,5.302,5.3,4.485799999999999,CALCULATED
KR6006221E25,5.683,5.65,4.8129,CALCULATED
KR6008272F69,4.016,2.802,3.584492,CALCULATED
KR6009201F22,5.7,4.395,5.02317,CALCULATED
KR6011331FB3,20.37,3.0,,OUTLIER_YTM
KR6011791G23,4.268,4.223,3.6176579999999996,CALCULATED
KR6023532E16,4.335,4.267,3.677882,CALCULATED
KR6023764E98,5.37,4.969,4.604774,CALCULATED
KR6023764F22,7.329,4.244,6.675424,CALCULATED
KR6023765F39,3.621,4.214,2.972044,CALCULATED
KR6023766F46,4.514,4.044,3.8912240000000002,CALCULATED
KR602376AG79,5.244,5.243,4.436578,CALCULATED
KR6023785F19,4.04,3.157,3.5538220000000003,CALCULATED
KR6025102E37,5.739,4.747,5.007962,CALCULATED
KR6025901F39,7.499,5.1,6.7136,CALCULATED
KR6025901G61,8.304,6.5,7.303000000000001,CALCULATED
KR6029272D91,3.917,5.079,3.1348339999999997,CALCULATED
KR6029692E50,4.442,5.025,3.6681500000000002,CALCULATED
KR6029693BB5,5.198,2.696,4.782816,CALCULATED
KR602969DE48,4.65,5.189,3.8508940000000003,CALCULATED
KR60302039A7,4.195,1.622,3.945212,CALCULATED
KR6030625E76,6.662,5.68,5.78728,CALCULATED
KR6030627E58,6.939,5.99,6.01654,CALCULATED
KR6031012F33,4.938,3.553,4.390838,CALCULATED
KR6034021E94,3.498,4.1,2.8666,CALCULATED
KR6034022E93,4.296,4.571,3.5920660000000004,CALCULATED
KR6034222B94,3.455,2.792,3.025032,CALCULATED
KR6034612G48,4.666,4.388,3.9902480000000002,CALCULATED
KR6034831E86,3.715,6.365,2.73479,CALCULATED
KR6034832E28,5.103,7.402,3.9630919999999996,CALCULATED
KR6035651G21,6.782,6.7,5.7501999999999995,CALCULATED
KR6035651G47,6.978,6.306,6.006876,CALCULATED
KR6035652F88,6.548,6.8,5.5008,CALCULATED
KR6039331F97,51.048,7.6,,OUTLIER_YTM
KR6039331G13,26.756,7.8,,OUTLIER_YTM
KR6039331G47,21.174,8.5,,OUTLIER_YTM
KR6042662EB7,4.407,4.689,3.684894,CALCULATED
KR6042662F25,4.756,4.571,4.052066,CALCULATED
KR6042662F74,4.127,4.02,3.50792,CALCULATED
KR6042662G24,4.826,4.187,4.181202,CALCULATED
KR6046291F90,3.927,3.723,3.3536580000000002,CALCULATED
KR6046291FC6,4.737,4.088,4.107448,CALCULATED
KR6046292FC4,3.998,4.088,3.3684480000000003,CALCULATED
KR6046293F23,6.245,4.759,5.512114,CALCULATED
KR6046294EA7,4.791,5.656,3.9199760000000006,CALCULATED
KR6046297F11,4.53,4.81,3.7892600000000005,CALCULATED
KR6046297F29,4.478,4.731,3.7494259999999997,CALCULATED
KR6046297FA7,4.65,3.795,4.06557,CALCULATED
KR6046297FB5,5.494,3.986,4.8801559999999995,CALCULATED
KR6048711EA8,6.094,5.5,5.247,CALCULATED
KR6048712EA6,6.527,5.8,5.6338,CALCULATED
KR6051913B27,3.774,1.758,3.5032680000000003,CALCULATED
KR6055551C16,3.944,3.9,3.3434,CALCULATED
KR6055551D72,5.297,5.4,4.4654,CALCULATED
KR6060005C67,4.919,4.89,4.16594,CALCULATED
KR6064981B19,4.002,1.9,3.7093999999999996,CALCULATED
KR606590A792,3.708,3.0,3.2460000000000004,CALCULATED
KR6066574924,4.431,2.954,3.976084,CALCULATED
KR6066971F95,4.477,1.0,4.323,CALCULATED
KR6067171G17,6.673,4.0,6.057,CALCULATED
KR6068172BB2,3.624,2.761,3.1988060000000003,CALCULATED
KR6073981D59,5.761,5.8,4.8678,CALCULATED
KR6073981EB3,4.8,4.6,4.0916,CALCULATED
KR6079161C75,0.0,0.5,-0.077,CALCULATED
KR6079161F72,5.649,5.45,4.8097,CALCULATED
KR6079162F71,5.825,5.6,4.9626,CALCULATED
KR6082481C98,6.474,6.7,5.4422,CALCULATED
KR6082481D30,6.365,6.6,5.3486,CALCULATED
KR6082481E96,5.857,5.9,4.9484,CALCULATED
KR6082481EC1,5.727,5.4,4.8954,CALCULATED
KR6086521F23,2.89,4.9,2.1354,CALCULATED
KR6086791C60,4.561,4.55,3.8603,CALCULATED
KR6086791D85,5.239,5.25,4.4305,CALCULATED
KR6086891DC9,0.0,3.0,-0.46199999999999997,CALCULATED
KR6086951C66,6.752,6.2,5.7972,CALCULATED
KR6086951D40,8.677,7.3,7.5527999999999995,CALCULATED
KR6086951D65,8.658,7.28,7.536879999999999,CALCULATED
KR6086951E31,8.871,6.9,7.808400000000001,CALCULATED
KR6086951E56,8.686,7.0,7.608,CALCULATED
KR6087801E80,6.027,5.82,5.13072,CALCULATED
KR6088351C68,5.368,5.3,4.5518,CALCULATED
KR6088351D83,5.725,6.0,4.801,CALCULATED
KR6088351E74,5.008,4.8,4.2688,CALCULATED
KR6095081C37,4.875,4.8,4.1358,CALCULATED
KR6095081C94,6.033,6.2,5.078200000000001,CALCULATED
KR6095081F26,5.602,4.8,4.8628,CALCULATED
KR6095231FC2,3.911,4.088,3.281448,CALCULATED
KR6095232FB2,4.941,3.928,4.336088,CALCULATED
KR6095234F22,4.384,4.589,3.6772940000000003,CALCULATED
KR6095234F30,4.775,4.527,4.077842,CALCULATED
KR6095235F96,5.586,4.029,4.965534,CALCULATED
KR6095237F94,4.548,4.233,3.896118,CALCULATED
KR60959219A1,4.093,2.791,3.663186,CALCULATED
KR6103161EB6,6.548,6.2,5.5932,CALCULATED
KR6105561C25,4.024,4.0,3.408,CALCULATED
KR6105561C58,4.708,4.68,3.98728,CALCULATED
KR6105561D24,5.083,5.03,4.3083800000000005,CALCULATED
KR6105562B58,3.9,3.6,3.3456,CALCULATED
KR6105563B24,3.557,3.28,3.0518799999999997,CALCULATED
KR6108261B80,3.672,3.61,3.11606,CALCULATED
KR6108672B91,4.648,2.678,4.235588,CALCULATED
KR6120112E42,5.936,4.388,5.260248,CALCULATED
KR6123272EB7,4.407,4.327,3.7406420000000002,CALCULATED
KR6123892E42,5.724,6.9,4.6614,CALCULATED
KR6123892F25,5.761,5.619,4.8956740000000005,CALCULATED
KR6138041E24,5.857,5.8,4.9638,CALCULATED
KR6138041F49,5.009,4.7,4.285200000000001,CALCULATED
KR6138931D93,5.672,5.7,4.7942,CALCULATED
KR6138931E27,5.077,4.97,4.31162,CALCULATED
KR6139131D65,5.768,5.8,4.8748,CALCULATED
KR6139482G18,3.887,3.602,3.332292,CALCULATED
KR6140481F83,130.531,7.8,,OUTLIER_YTM
KR6140481G25,97.623,8.1,,OUTLIER_YTM
KR6140483F24,249.639,6.7,,OUTLIER_YTM
KR6150351D99,4.311,7.402,3.171092,CALCULATED
KR6150351E64,5.513,6.585,4.49891,CALCULATED
KR6150351E98,5.36,6.331,4.385026,CALCULATED
KR6150351F48,5.874,5.625,5.00775,CALCULATED
KR6150351F89,5.774,5.519,4.924074,CALCULATED
KR6150351G21,6.181,6.402,5.195092,CALCULATED
KR6155722G30,4.54,3.913,3.937398,CALCULATED
KR6157181C34,4.439,4.35,3.7691,CALCULATED
KR6166261FB5,3.748,3.6,3.1936,CALCULATED
KR6169371E60,6.667,6.65,5.6429,CALCULATED
KR6169376F64,5.701,5.39,4.87094,CALCULATED
KR6169379E54,-12.433,5.06,,OUTLIER_YTM
KR6175331E41,5.186,5.2,4.3852,CALCULATED
KR6175331E90,4.786,4.65,4.0699,CALCULATED
KR6175331EC6,5.001,4.95,4.238700000000001,CALCULATED
KR6181651DA5,7.289,7.3,6.1648,CALCULATED
KR6181652C26,3.498,3.907,2.896322,CALCULATED
KR6192521C55,5.253,5.2,4.4522,CALCULATED
KR6206352E97,8.498,6.19,7.544739999999999,CALCULATED
KR6214341F37,4.54,4.172,3.897512,CALCULATED
KR6214341F60,3.883,3.803,3.297338,CALCULATED
KR6214342EA0,3.9,4.671,3.180666,CALCULATED
KR6214342G35,5.148,4.53,4.45038,CALCULATED
KR6214343F43,4.787,4.184,4.142664,CALCULATED
KR6214343G34,5.049,4.53,4.351380000000001,CALCULATED
KR6214344F67,4.017,3.781,3.4347260000000004,CALCULATED
KR6214346EB9,3.662,4.711,2.9365059999999996,CALCULATED
KR6214348E49,4.429,5.788,3.5376480000000003,CALCULATED
KR621434AEB8,3.849,4.595,3.14137,CALCULATED
KR6251272E33,4.522,5.006,3.7510760000000003,CALCULATED
KR6290291F86,5.036,5.47,4.193619999999999,CALCULATED
KR6294871F60,4.694,3.647,4.132362,CALCULATED
KR6310101F41,3.731,4.114,3.097444,CALCULATED
KR6310102F32,7.627,4.333,6.959718,CALCULATED
KR6310102FC4,4.238,4.227,3.5870420000000003,CALCULATED
KR6310106F61,4.708,4.119,4.0736740000000005,CALCULATED
KR6310107F60,4.823,4.252,4.168192,CALCULATED
KR6310108F36,4.772,4.572,4.067912,CALCULATED
KR6316141995,4.084,2.13,3.7559799999999997,CALCULATED
KR6316141C27,4.133,4.1,3.5016,CALCULATED
KR6316141D26,4.666,4.65,3.9499000000000004,CALCULATED
KR6316141E25,4.512,4.49,3.8205399999999994,CALCULATED
KR6329183E19,3.781,4.599,3.072754,CALCULATED
KR6331593E27,4.942,4.936,4.181856,CALCULATED
KR6336262F33,5.197,5.068,4.4165280000000005,CALCULATED
KR6336262F82,5.248,5.005,4.4772300000000005,CALCULATED
KR6348371EB6,0.0,1.0,-0.154,CALCULATED
KR6361612E21,5.326,4.766,4.592035999999999,CALCULATED
KR6361612FA4,4.658,4.6,3.9496,CALCULATED
KR6404712DA6,5.001,5.834,4.102564,CALCULATED
KR6404712E36,5.05,4.73,4.32158,CALCULATED
KR6427082F20,4.593,3.745,4.0162700000000005,CALCULATED
KR6473521DC3,4.185,4.67,3.46582,CALCULATED
KRC0355P2694,2.844,3.29,2.3373399999999998,CALCULATED
KRC035AP26C3,3.046,3.58,2.49468,CALCULATED
KRC035FP2732,3.373,3.26,2.87096,CALCULATED
