date,short_code,isin_code,bond_name,market_type,close_price,close_change,close_yield,open_price,open_yield,high_price,high_yield,low_price,low_yield,volume,trading_value,reference_date,maturity_date,remaining_days,remaining_years,maturity_status,maturity_bucket,calculation_status,macaulay_duration,modified_duration,schedule_estimated,stub_period,market_rate_date,treasury_3y,treasury_5y,treasury_10y,corporate_aa_3y,base_rate,yield_spread,credit_spread,policy_spread,market_rate_lag_days,cpi_month,cpi,cpi_lag_months,coupon_rate,issue_date,credit_rating
2026-08-10,C01501DC6,KR101501DC63,국민주택1종22-06,일반채권,10204.0,11.2,3.378,10204.0,3.378,10204.0,3.378,10204.0,3.378,100000000,102040000,2026-08-10,2027-06-30,324.0,0.8870636550308009,NORMAL,1년 이하,CALCULATED,0.8870636550308009,0.8572899742259342,,,2026-08-07,3.746,3.964,4.208,4.448,2.75,0.4620000000000002,0.7020000000000004,0.996,3,2026-07-01,119.77,1,1.0,2022-06-30,
2026-08-10,C01501DCA,KR101501DCA3,국민주택1종22-10,일반채권,10074.5,-4.5,3.507,10074.5,3.507,10074.5,3.507,10074.5,3.507,110000,110819,2026-08-10,2027-10-31,447.0,1.2238193018480492,NORMAL,1~3년,CALCULATED,1.2238193018480492,1.1830513522495305,,,2026-08-07,3.746,3.964,4.208,4.448,2.75,0.4620000000000002,0.7020000000000004,0.996,3,2026-07-01,119.77,1,1.0,2022-10-31,
2026-08-10,C01501DD1,KR101501DD13,국민주택1종23-01,일반채권,10099.0,29.0,3.762,10070.0,3.963,10099.0,3.762,10070.0,3.963,20000000,20169000,2026-08-10,2028-01-31,539.0,1.4757015742642026,NORMAL,1~3년,CALCULATED,1.4757015742642026,1.4197492560820106,,,2026-08-07,3.746,3.964,4.208,4.448,2.75,0.4620000000000002,0.7020000000000004,0.996,3,2026-07-01,119.77,1,1.3,2023-01-31,
2026-08-10,C01501DD8,KR101501DD88,국민주택1종23-08,일반채권,9933.5,2.5,3.521,9933.5,3.521,9933.5,3.521,9933.5,3.521,20000,19867,2026-08-10,2028-08-31,752.0,2.0588637919233403,NORMAL,1~3년,CALCULATED,2.0588637919233403,1.9888752711321984,,,2026-08-07,3.746,3.964,4.208,4.448,2.75,0.4620000000000002,0.7020000000000004,0.996,3,2026-07-01,119.77,1,1.3,2023-08-31,
2026-08-10,C01501DE1,KR101501DE12,국민주택1종24-01,일반채권,9700.0,0.0,3.903,9700.0,3.903,9700.0,3.903,9700.0,3.903,1500000,1455000,2026-08-10,2029-01-31,905.0,2.477754962354552,NORMAL,1~3년,CALCULATED,2.477754962354552,2.384979268798298,,,2026-08-07,3.746,3.964,4.208,4.448,2.75,0.4620000000000002,0.7020000000000004,0.996,3,2026-07-01,119.77,1,1.3,2024-01-31,
2026-08-10,C01501DE3,KR101501DE38,국민주택1종24-03,일반채권,9668.5,1.0,3.789,9668.5,3.789,9668.5,3.789,9668.5,3.789,55300000,53466805,2026-08-10,2029-03-31,964.0,2.639288158795346,NORMAL,1~3년,CALCULATED,2.639288158795346,2.543132325565707,,,2026-08-07,3.746,3.964,4.208,4.448,2.75,0.4620000000000002,0.7020000000000004,0.996,3,2026-07-01,119.77,1,1.3,2024-03-31,
2026-08-10,C01501DE5,KR101501DE53,국민주택1종24-05,일반채권,9590.0,7.0,3.862,9590.0,3.862,9590.0,3.862,9590.0,3.862,30000,28770,2026-08-10,2029-05-31,1025.0,2.806297056810404,NORMAL,1~3년,CALCULATED,2.806297056810404,2.7015316590716068,,,2026-08-07,3.746,3.964,4.208,4.448,2.75,0.4620000000000002,0.7020000000000004,0.996,3,2026-07-01,119.77,1,1.3,2024-05-31,
2026-08-10,C01501DG1,KR101501DG10,국민주택1종26-01,일반채권,8796.0,0.0,4.052,8796.0,4.052,8796.0,4.052,8796.0,4.052,3000000,2638800,2026-08-10,2031-01-31,1635.0,4.476386036960986,NORMAL,3~5년,CALCULATED,4.476386036960986,4.302397098305511,,,2026-08-07,3.746,3.964,4.208,4.448,2.75,0.4620000000000002,0.7020000000000004,0.996,3,2026-07-01,119.77,1,1.0,2026-01-31,
2026-08-10,C01501DG2,KR101501DG28,국민주택1종26-02,일반채권,8750.0,0.0,4.102,8750.0,4.102,8750.0,4.102,8750.0,4.102,60000,52500,2026-08-10,2031-02-28,1663.0,4.553045859000685,NORMAL,3~5년,CALCULATED,4.553045859000685,4.373975309816785,,,2026-08-07,3.746,3.964,4.208,4.448,2.75,0.4620000000000002,0.7020000000000004,0.996,3,2026-07-01,119.77,1,1.0,2026-02-28,
2026-08-10,C01501DG3,KR101501DG36,국민주택1종26-03,일반채권,8678.0,-52.0,4.211,8720.0,4.103,8720.0,4.103,8678.0,4.211,17850000,15550836,2026-08-10,2031-03-31,1694.0,4.63791923340178,NORMAL,3~5년,CALCULATED,4.63791923340178,4.456538131451696,,,2026-08-07,3.746,3.964,4.208,4.448,2.75,0.4620000000000002,0.7020000000000004,0.996,3,2026-07-01,119.77,1,1.0,2026-03-31,
2026-08-10,C01501DG4,KR101501DG44,국민주택1종26-04,일반채권,8650.0,0.0,4.208,8650.0,4.208,8650.0,4.208,8650.0,4.208,35650000,30837250,2026-08-10,2031-04-30,1724.0,4.720054757015743,NORMAL,3~5년,CALCULATED,4.720054757015743,4.529759557984801,,,2026-08-07,3.746,3.964,4.208,4.448,2.75,0.4620000000000002,0.7020000000000004,0.996,3,2026-07-01,119.77,1,1.0,2026-04-30,
2026-08-10,C01501DG5,KR101501DG51,국민주택1종26-05,일반채권,8680.0,41.0,4.058,8680.0,4.058,8680.0,4.058,8680.0,4.058,40000,34720,2026-08-10,2031-05-31,1755.0,4.804928131416838,NORMAL,3~5년,CALCULATED,4.804928131416838,4.61333627587956,,,2026-08-07,3.746,3.964,4.208,4.448,2.75,0.4620000000000002,0.7020000000000004,0.996,3,2026-07-01,119.77,1,1.0,2026-05-31,
2026-08-10,C01501DG6,KR101501DG69,국민주택1종26-06,일반채권,8586.5,-5.0,4.22,8586.5,4.22,8586.5,4.22,8586.5,4.22,4920000,4224558,2026-08-10,2031-06-30,1785.0,4.887063655030801,NORMAL,3~5년,CALCULATED,4.887063655030801,4.69003527320352,,,2026-08-07,3.746,3.964,4.208,4.448,2.75,0.4620000000000002,0.7020000000000004,0.996,3,2026-07-01,119.77,1,1.0,2026-06-30,
2026-08-10,C01501DG7,KR101501DG77,국민주택1종26-07,소액채권,8573.0,3.0,4.181,8576.0,4.173,8580.0,4.164,8570.0,4.188,9351720000,8017401829,2026-08-10,2031-07-31,1816.0,4.971937029431896,NORMAL,3~5년,CALCULATED,4.971937029431896,4.772402865620311,,,2026-08-07,3.746,3.964,4.208,4.448,2.75,0.4620000000000002,0.7020000000000004,0.996,3,2026-07-01,119.77,1,1.0,2026-07-31,
2026-08-10,C01501DG7,KR101501DG77,국민주택1종26-07,일반채권,8585.0,0.0,4.151,8585.0,4.151,8585.0,4.151,8585.0,4.151,100000000,85850000,2026-08-10,2031-07-31,1816.0,4.971937029431896,NORMAL,3~5년,CALCULATED,4.971937029431896,4.772402865620311,,,2026-08-07,3.746,3.964,4.208,4.448,2.75,0.4620000000000002,0.7020000000000004,0.996,3,2026-07-01,119.77,1,1.0,2026-07-31,
2026-08-10,C03501GE9,KR103501GE98,국고03000-2909(24-7),일반채권,9899.5,1.5,3.778,9899.5,3.778,9899.5,3.778,9899.5,3.778,1000000,989950,2026-08-10,2029-09-10,1127.0,3.0855578370978782,NORMAL,3~5년,CALCULATED,2.933697165038914,2.8270332023155484,True,False,2026-08-07,3.746,3.964,4.208,4.448,2.75,0.4620000000000002,0.7020000000000004,0.996,3,2026-07-01,119.77,1,3.0,2024-09-10,
2026-08-10,C03501GG3,KR103501GG39,국고03500-5603(26-2),KTS,8398.0,-89.0,4.585,8481.0,4.526,8488.0,4.521,8365.0,4.608,541000000000,455359800000,2026-08-10,2056-03-10,10805.0,29.582477754962355,NORMAL,10년 이상,CALCULATED,17.29458064170252,16.5465127981004,False,False,2026-08-07,3.746,3.964,4.208,4.448,2.75,0.4620000000000002,0.7020000000000004,0.996,3,2026-07-01,119.77,1,3.5,2026-03-10,
2026-08-10,C03501GG6,KR103501GG62,국고03500-2906(26-5),KTS,9984.0,-8.5,3.78,9990.5,3.755,9991.5,3.751,9980.5,3.793,4983000000000,4975480350000,2026-08-10,2029-06-10,1035.0,2.833675564681725,NORMAL,1~3년,CALCULATED,2.709019399118464,2.611254047577175,False,False,2026-08-07,3.746,3.964,4.208,4.448,2.75,0.4620000000000002,0.7020000000000004,0.996,3,2026-07-01,119.77,1,3.5,2026-06-10,
2026-08-10,C0350270C,KR10350270C0,국고04750-3012(10-7),일반채권,11149.0,124.0,2.15,10375.0,3.997,11150.0,2.147,10375.0,3.997,112380000,116908495,2026-08-10,2030-12-10,1583.0,4.334017796030117,NORMAL,3~5년,CALCULATED,3.962842389487682,3.8688298247463457,True,False,2026-08-07,3.746,3.964,4.208,4.448,2.75,0.4620000000000002,0.7020000000000004,0.996,3,2026-07-01,119.77,1,4.75,2010-12-10,
2026-08-10,C03502G6C,KR103502G6C4,국고01500-2612(16-8),일반채권,9973.0,7.0,3.068,9967.1,3.247,9977.7,2.925,9967.1,3.247,46300000,46176234,2026-08-10,2026-12-10,122.0,0.3340177960301163,NORMAL,1년 이하,CALCULATED,0.3342465753424657,0.323876063780223,True,False,2026-08-07,3.746,3.964,4.208,4.448,2.75,0.4620000000000002,0.7020000000000004,0.996,3,2026-07-01,119.77,1,1.5,2016-12-10,
2026-08-10,C03502G76,KR103502G768,국고02125-2706(17-3),일반채권,9931.5,1.8,3.394,9932.0,3.387,9932.0,3.387,9930.0,3.412,19140000,19009333,2026-08-10,2027-06-10,304.0,0.8323066392881588,NORMAL,1년 이하,CALCULATED,0.8276031690364499,0.8005292691536727,True,False,2026-08-07,3.746,3.964,4.208,4.448,2.75,0.4620000000000002,0.7020000000000004,0.996,3,2026-07-01,119.77,1,2.125,2017-06-10,
2026-08-10,C03502G99,KR103502G990,국고01125-3909(19-6),일반채권,6854.0,-25.0,4.35,6890.0,4.305,6890.0,4.305,6852.0,4.353,4533300000,3113287558,2026-08-10,2039-09-10,4779.0,13.084188911704311,NORMAL,10년 이상,CALCULATED,11.889457578148672,11.397539762019893,True,False,2026-08-07,3.746,3.964,4.208,4.448,2.75,0.4620000000000002,0.7020000000000004,0.996,3,2026-07-01,119.77,1,1.125,2019-09-10,
2026-08-10,C03502G9C,KR103502G9C8,국고01375-2912(19-8),일반채권,9260.0,-7.0,3.833,9266.0,3.813,9266.0,3.813,9260.0,3.833,170440000,157842793,2026-08-10,2029-12-10,1218.0,3.3347022587268995,NORMAL,3~5년,CALCULATED,3.2623930688462632,3.14296056728927,True,False,2026-08-07,3.746,3.964,4.208,4.448,2.75,0.4620000000000002,0.7020000000000004,0.996,3,2026-07-01,119.77,1,1.375,2019-12-10,
2026-08-10,C03502GA3,KR103502GA34,국고01500-5003(20-2),일반채권,5640.0,-52.0,4.588,5652.0,4.576,5695.0,4.533,5640.0,4.588,4642490000,2629232413,2026-08-10,2050-03-10,8613.0,23.581108829568787,NORMAL,10년 이상,CALCULATED,18.21755524839368,17.427397065446343,True,False,2026-08-07,3.746,3.964,4.208,4.448,2.75,0.4620000000000002,0.7020000000000004,0.996,3,2026-07-01,119.77,1,1.5,2020-03-10,
2026-08-10,C03502GA6,KR103502GA67,국고01375-3006(20-4),일반채권,9110.5,-12.5,3.962,9120.0,3.934,9125.0,3.919,9110.0,3.963,1393490000,1270642268,2026-08-10,2030-06-10,1400.0,3.8329911019849416,NORMAL,3~5년,CALCULATED,3.7354763919851983,3.5947076407725453,True,False,2026-08-07,3.746,3.964,4.208,4.448,2.75,0.4620000000000002,0.7020000000000004,0.996,3,2026-07-01,119.77,1,1.375,2020-06-10,
2026-08-10,C03502GA9,KR103502GA91,국고01500-4009(20-7),일반채권,7038.0,-32.0,4.404,7027.0,4.417,7050.0,4.39,7027.0,4.417,84980000,59771441,2026-08-10,2040-09-10,5145.0,14.08624229979466,NORMAL,10년 이상,CALCULATED,12.315913766271663,11.801034625558543,True,False,2026-08-07,3.746,3.964,4.208,4.448,2.75,0.4620000000000002,0.7020000000000004,0.996,3,2026-07-01,119.77,1,1.5,2020-09-10,
2026-08-10,C03502GAC,KR103502GAC2,국고01500-3012(20-9),일반채권,9064.0,-2.5,3.932,9070.0,3.916,9070.0,3.916,9057.0,3.951,22870000,20727580,2026-08-10,2030-12-10,1583.0,4.334017796030117,NORMAL,3~5년,CALCULATED,4.19647971196874,4.038299519778997,True,False,2026-08-07,3.746,3.964,4.208,4.448,2.75,0.4620000000000002,0.7020000000000004,0.996,3,2026-07-01,119.77,1,1.5,2020-12-10,
2026-08-10,C03502GB3,KR103502GB33,국고01875-5103(21-2),일반채권,6065.0,-55.0,4.623,6120.0,4.572,6120.0,4.572,6060.0,4.628,311020000,188738243,2026-08-10,2051-03-10,8978.0,24.580424366872005,NORMAL,10년 이상,CALCULATED,17.90387428177344,17.121588885590796,True,False,2026-08-07,3.746,3.964,4.208,4.448,2.75,0.4620000000000002,0.7020000000000004,0.996,3,2026-07-01,119.77,1,1.875,2021-03-10,
2026-08-10,C03502GB6,KR103502GB66,국고02000-3106(21-5),일반채권,9165.5,-10.0,3.99,9165.5,3.99,9165.5,3.99,9165.5,3.99,1000000,916550,2026-08-10,2031-06-10,1765.0,4.832306639288158,NORMAL,3~5년,CALCULATED,4.606015028198395,4.430607285755341,True,False,2026-08-07,3.746,3.964,4.208,4.448,2.75,0.4620000000000002,0.7020000000000004,0.996,3,2026-07-01,119.77,1,2.0,2021-06-10,
2026-08-10,C03502GC9,KR103502GC99,국고03125-5209(22-9),일반채권,7968.0,-41.0,4.548,7968.0,4.548,7968.0,4.548,7968.0,4.548,140000,111552,2026-08-10,2052-09-10,9528.0,26.086242299794662,NORMAL,10년 이상,CALCULATED,16.642514880751023,15.923718239423447,True,False,2026-08-07,3.746,3.964,4.208,4.448,2.75,0.4620000000000002,0.7020000000000004,0.996,3,2026-07-01,119.77,1,3.125,2022-09-10,
2026-08-10,C03502GCC,KR103502GCC8,국고04250-3212(22-14),일반채권,10103.0,-14.0,4.189,10103.0,4.189,10103.0,4.189,10103.0,4.189,1900000,1919570,2026-08-10,2032-12-10,2314.0,6.335386721423682,NORMAL,5~10년,CALCULATED,5.589499507000264,5.36636600837215,True,False,2026-08-07,3.746,3.964,4.208,4.448,2.75,0.4620000000000002,0.7020000000000004,0.996,3,2026-07-01,119.77,1,4.25,2022-12-10,
2026-08-10,C03502GD3,KR103502GD31,국고03250-5303(23-2),일반채권,8080.0,-65.0,4.596,8140.0,4.551,8145.0,4.547,8080.0,4.596,573110000,465542412,2026-08-10,2053-03-10,9709.0,26.581793292265573,NORMAL,10년 이상,CALCULATED,16.63745930410541,15.914160700277783,True,False,2026-08-07,3.746,3.964,4.208,4.448,2.75,0.4620000000000002,0.7020000000000004,0.996,3,2026-07-01,119.77,1,3.25,2023-03-10,
2026-08-10,C03502GD6,KR103502GD64,국고03250-3306(23-5),일반채권,9489.5,-5.5,4.208,9492.0,4.203,9492.0,4.203,9489.5,4.208,2100000,1993045,2026-08-10,2033-06-10,2496.0,6.833675564681725,NORMAL,5~10년,CALCULATED,6.130938711682843,5.884270108725088,True,False,2026-08-07,3.746,3.964,4.208,4.448,2.75,0.4620000000000002,0.7020000000000004,0.996,3,2026-07-01,119.77,1,3.25,2023-06-10,
2026-08-10,C03502GD9,KR103502GD98,국고03625-5309(23-7),일반채권,8660.0,-50.0,4.592,8671.0,4.584,8720.0,4.548,8660.0,4.592,962960000,836936267,2026-08-10,2053-09-10,9893.0,27.08555783709788,NORMAL,10년 이상,CALCULATED,16.388727358780432,15.675042666188851,True,False,2026-08-07,3.746,3.964,4.208,4.448,2.75,0.4620000000000002,0.7020000000000004,0.996,3,2026-07-01,119.77,1,3.625,2023-09-10,
2026-08-10,C03502GDC,KR103502GDC6,국고04125-3312(23-11),일반채권,10052.0,-4.5,4.15,10053.0,4.148,10053.0,4.148,10052.0,4.15,42280000,42499861,2026-08-10,2033-12-10,2679.0,7.3347022587268995,NORMAL,5~10년,CALCULATED,6.366426404449182,6.113510476054796,True,False,2026-08-07,3.746,3.964,4.208,4.448,2.75,0.4620000000000002,0.7020000000000004,0.996,3,2026-07-01,119.77,1,4.125,2023-12-10,
2026-08-10,C03502GE3,KR103502GE30,국고03250-5403(24-2),일반채권,8050.0,-46.0,4.59,8125.0,4.533,8125.0,4.533,8050.0,4.59,36450000,29449375,2026-08-10,2054-03-10,10074.0,27.581108829568787,NORMAL,10년 이상,CALCULATED,16.952200171652237,16.21397776405482,True,False,2026-08-07,3.746,3.964,4.208,4.448,2.75,0.4620000000000002,0.7020000000000004,0.996,3,2026-07-01,119.77,1,3.25,2024-03-10,
2026-08-10,C03502GE6,KR103502GE63,국고03500-3406(24-5),일반채권,9626.0,-2.0,4.15,9626.0,4.15,9626.0,4.15,9626.0,4.15,180000,173268,2026-08-10,2034-06-10,2861.0,7.832991101984942,NORMAL,5~10년,CALCULATED,6.859659182026933,6.586832576700018,True,False,2026-08-07,3.746,3.964,4.208,4.448,2.75,0.4620000000000002,0.7020000000000004,0.996,3,2026-07-01,119.77,1,3.5,2024-06-10,
2026-08-10,C03502GE9,KR103502GE97,국고02750-5409(24-8),일반채권,7226.0,-62.0,4.589,7127.0,4.669,7246.0,4.573,7127.0,4.669,1180000,848374,2026-08-10,2054-09-10,10258.0,28.08487337440109,NORMAL,10년 이상,CALCULATED,17.78342925357151,17.011449667653398,True,False,2026-08-07,3.746,3.964,4.208,4.448,2.75,0.4620000000000002,0.7020000000000004,0.996,3,2026-07-01,119.77,1,2.75,2024-09-10,
2026-08-10,C03502GF3,KR103502GF39,국고02625-5503(25-2),일반채권,7000.0,-58.0,4.588,7011.0,4.579,7060.0,4.539,7000.0,4.588,486450000,341880043,2026-08-10,2055-03-10,10439.0,28.580424366872005,NORMAL,10년 이상,CALCULATED,18.13266714242276,17.345361197660928,True,False,2026-08-07,3.746,3.964,4.208,4.448,2.75,0.4620000000000002,0.7020000000000004,0.996,3,2026-07-01,119.77,1,2.625,2025-03-10,
2026-08-10,C03502GG3,KR103502GG38,국고03000-2803(26-1),KTS,10033.0,-4.0,3.604,10036.0,3.584,10036.0,3.584,10031.0,3.617,226000000000,226759550000,2026-08-10,2028-03-10,578.0,1.5824777549623543,NORMAL,1~3년,CALCULATED,1.5393983384671417,1.48632178743774,False,False,2026-08-07,3.746,3.964,4.208,4.448,2.75,0.4620000000000002,0.7020000000000004,0.996,3,2026-07-01,119.77,1,3.0,2026-03-10,
2026-08-10,C03502GG6,KR103502GG61,물가01125-3606(26-4),KTS,9522.0,-17.0,1.675,9523.0,1.674,9523.0,1.674,9505.0,1.694,18000000000,17129100000,2026-08-10,2036-06-10,3592.0,9.834360027378509,NORMAL,5~10년,CALCULATED,9.310247399267045,9.158671387798972,False,False,2026-08-07,3.746,3.964,4.208,4.448,2.75,0.4620000000000002,0.7020000000000004,0.996,3,2026-07-01,119.77,1,1.125,2026-06-10,
2026-08-10,C03503GB9,KR103503GB99,국고01875-4109(21-9),일반채권,7244.0,-36.0,4.479,7244.0,4.479,7244.0,4.479,7244.0,4.479,1210000,876524,2026-08-10,2041-09-10,5510.0,15.08555783709788,NORMAL,10년 이상,CALCULATED,12.661135528111592,12.123343988769763,True,False,2026-08-07,3.746,3.964,4.208,4.448,2.75,0.4620000000000002,0.7020000000000004,0.996,3,2026-07-01,119.77,1,1.875,2021-09-10,
2026-08-10,C03503GE9,KR103503GE96,국고02875-2609(24-9),일반채권,10118.0,2.4,3.021,10118.0,3.021,10118.0,3.021,10118.0,3.021,68110000,68913698,2026-08-10,2026-09-10,31.0,0.0848733744010951,NORMAL,1년 이하,CALCULATED,0.084931506849315,0.0824481680283026,True,False,2026-08-07,3.746,3.964,4.208,4.448,2.75,0.4620000000000002,0.7020000000000004,0.996,3,2026-07-01,119.77,1,2.875,2024-09-10,
2026-08-10,C03503GG3,KR103503GG37,국고03375-3103(26-3),KTS,9883.5,-12.0,3.995,9892.0,3.974,9892.5,3.973,9878.0,4.008,1095000000000,1082330450000,2026-08-10,2031-03-10,1673.0,4.5804243668720055,NORMAL,3~5년,CALCULATED,4.220884093024118,4.059986815524868,False,False,2026-08-07,3.746,3.964,4.208,4.448,2.75,0.4620000000000002,0.7020000000000004,0.996,3,2026-07-01,119.77,1,3.375,2026-03-10,
2026-08-10,C03503GG6,KR103503GG60,국고04250-3606(26-6),KTS,10078.0,-28.0,4.241,10095.0,4.219,10104.0,4.208,10074.0,4.246,427000000000,430647200000,2026-08-10,2036-06-10,3592.0,9.834360027378509,NORMAL,5~10년,CALCULATED,8.09661884623503,7.769969335375829,False,False,2026-08-07,3.746,3.964,4.208,4.448,2.75,0.4620000000000002,0.7020000000000004,0.996,3,2026-07-01,119.77,1,4.25,2026-06-10,
2026-08-10,C03504GD9,KR103504GD96,국고03875-4309(23-9),일반채권,9417.0,-55.0,4.503,9236.0,4.666,9446.0,4.477,9236.0,4.666,5300000,4974456,2026-08-10,2043-09-10,6240.0,17.084188911704313,NORMAL,10년 이상,CALCULATED,12.277175721059782,11.754004960277816,True,False,2026-08-07,3.746,3.964,4.208,4.448,2.75,0.4620000000000002,0.7020000000000004,0.996,3,2026-07-01,119.77,1,3.875,2023-09-10,
2026-08-10,C03504GF9,KR103504GF94,국고02750-4509(25-9),KTS,7830.0,-64.0,4.554,7899.0,4.491,7899.0,4.491,7815.0,4.568,142000000000,111388600000,2026-08-10,2045-09-10,6971.0,19.08555783709788,NORMAL,10년 이상,CALCULATED,14.129951813696955,13.522261386966674,True,False,2026-08-07,3.746,3.964,4.208,4.448,2.75,0.4620000000000002,0.7020000000000004,0.996,3,2026-07-01,119.77,1,2.75,2025-09-10,
2026-08-10,D001024G7,KR2001024G76,서울도시철도26-07,소액채권,8503.0,-2.0,4.346,8508.0,4.337,8508.0,4.337,8496.0,4.358,671172000,570663116,2026-08-10,2033-07-31,2547.0,6.973305954825462,NORMAL,5~10년,CALCULATED,6.973305954825462,6.683380891741707,,,2026-08-07,3.746,3.964,4.208,4.448,2.75,0.4620000000000002,0.7020000000000004,0.996,3,2026-07-01,119.77,1,2.0,2026-07-31,
2026-08-10,D002022G7,KR2002022G76,강원지역개발26-07,소액채권,8977.0,0.0,4.247,8962.0,4.282,8977.0,4.247,8961.0,4.284,500978000,449245895,2026-08-10,2031-07-31,1816.0,4.971937029431896,NORMAL,3~5년,CALCULATED,4.971937029431896,4.769701678273115,,,2026-08-07,3.746,3.964,4.208,4.448,2.75,0.4620000000000002,0.7020000000000004,0.996,3,2026-07-01,119.77,1,2.0,2026-07-31,
2026-08-10,D003022G7,KR2003022G74,대전지역개발26-07,소액채권,8977.0,0.0,4.247,8967.0,4.27,8977.0,4.247,8961.5,4.283,280310000,251408391,2026-08-10,2031-07-31,1816.0,4.971937029431896,NORMAL,3~5년,CALCULATED,4.971937029431896,4.769701678273115,,,2026-08-07,3.746,3.964,4.208,4.448,2.75,0.4620000000000002,0.7020000000000004,0.996,3,2026-07-01,119.77,1,2.0,2026-07-31,
2026-08-10,D004022G7,KR2004022G72,인천지역개발26-07,소액채권,8977.0,0.0,4.247,8962.0,4.282,8977.0,4.247,8955.0,4.298,563358000,505140385,2026-08-10,2031-07-31,1816.0,4.971937029431896,NORMAL,3~5년,CALCULATED,4.971937029431896,4.769701678273115,,,2026-08-07,3.746,3.964,4.208,4.448,2.75,0.4620000000000002,0.7020000000000004,0.996,3,2026-07-01,119.77,1,2.0,2026-07-31,
2026-08-10,D006014C7,KR2006014C71,부산도시철도22-07,일반채권,10192.0,2.0,3.47,10192.0,3.47,10192.0,3.47,10192.0,3.47,56960000,58053632,2026-08-10,2027-07-31,355.0,0.971937029431896,NORMAL,1년 이하,CALCULATED,0.971937029431896,0.9394235793505726,,,2026-08-07,3.746,3.964,4.208,4.448,2.75,0.4620000000000002,0.7020000000000004,0.996,3,2026-07-01,119.77,1,1.05,2022-07-31,
2026-08-10,D006014G7,KR2006014G77,부산도시철도26-07,소액채권,8974.5,-18.5,4.253,8980.0,4.24,8980.0,4.24,8974.5,4.253,460902000,413878417,2026-08-10,2031-07-31,1816.0,4.971937029431896,NORMAL,3~5년,CALCULATED,4.971937029431896,4.77144107544183,,,2026-08-07,3.746,3.964,4.208,4.448,2.75,0.4620000000000002,0.7020000000000004,0.996,3,2026-07-01,119.77,1,2.0,2026-07-31,
2026-08-10,D006022G7,KR2006022G77,부산지역개발26-07,소액채권,8977.0,0.0,4.247,8962.0,4.282,8977.0,4.247,8955.5,4.297,334670000,300025305,2026-08-10,2031-07-31,1816.0,4.971937029431896,NORMAL,3~5년,CALCULATED,4.971937029431896,4.769701678273115,,,2026-08-07,3.746,3.964,4.208,4.448,2.75,0.4620000000000002,0.7020000000000004,0.996,3,2026-07-01,119.77,1,2.0,2026-07-31,
2026-08-10,D007022G7,KR2007022G75,대구지역개발26-07,소액채권,8977.0,0.0,4.247,8962.0,4.282,8977.0,4.247,8955.5,4.297,347798000,311776161,2026-08-10,2031-07-31,1816.0,4.971937029431896,NORMAL,3~5년,CALCULATED,4.971937029431896,4.769701678273115,,,2026-08-07,3.746,3.964,4.208,4.448,2.75,0.4620000000000002,0.7020000000000004,0.996,3,2026-07-01,119.77,1,2.0,2026-07-31,
2026-08-10,D007024G7,KR2007024G73,대구도시철도26-07,소액채권,8977.0,1.0,4.247,8980.0,4.24,8980.0,4.24,8972.0,4.258,394016000,353739752,2026-08-10,2031-07-31,1816.0,4.971937029431896,NORMAL,3~5년,CALCULATED,4.971937029431896,4.769610166182437,,,2026-08-07,3.746,3.964,4.208,4.448,2.75,0.4620000000000002,0.7020000000000004,0.996,3,2026-07-01,119.77,1,2.0,2026-07-31,
2026-08-10,D008012G7,KR2008012G75,울산지역개발26-07,소액채권,8977.0,0.0,4.247,8962.0,4.282,8977.0,4.247,8955.0,4.298,706694000,633638231,2026-08-10,2031-07-31,1816.0,4.971937029431896,NORMAL,3~5년,CALCULATED,4.971937029431896,4.769701678273115,,,2026-08-07,3.746,3.964,4.208,4.448,2.75,0.4620000000000002,0.7020000000000004,0.996,3,2026-07-01,119.77,1,2.0,2026-07-31,
2026-08-10,D022022G7,KR2022022G74,충남지역개발26-07,소액채권,8977.0,0.0,4.247,8962.0,4.282,8977.0,4.247,8961.0,4.284,588657000,527822143,2026-08-10,2031-07-31,1816.0,4.971937029431896,NORMAL,3~5년,CALCULATED,4.971937029431896,4.769701678273115,,,2026-08-07,3.746,3.964,4.208,4.448,2.75,0.4620000000000002,0.7020000000000004,0.996,3,2026-07-01,119.77,1,2.0,2026-07-31,
2026-08-10,D033022G7,KR2033022G71,충북지역개발26-07,소액채권,8977.0,0.0,4.247,8962.0,4.282,8977.0,4.247,8961.0,4.284,459350000,411839890,2026-08-10,2031-07-31,1816.0,4.971937029431896,NORMAL,3~5년,CALCULATED,4.971937029431896,4.769701678273115,,,2026-08-07,3.746,3.964,4.208,4.448,2.75,0.4620000000000002,0.7020000000000004,0.996,3,2026-07-01,119.77,1,2.0,2026-07-31,
2026-08-10,D044022G7,KR2044022G78,경기지역개발26-07,소액채권,8977.0,0.0,4.247,8967.0,4.27,8977.0,4.247,8961.0,4.284,1574829000,1412005118,2026-08-10,2031-07-31,1816.0,4.971937029431896,NORMAL,3~5년,CALCULATED,4.971937029431896,4.769701678273115,,,2026-08-07,3.746,3.964,4.208,4.448,2.75,0.4620000000000002,0.7020000000000004,0.996,3,2026-07-01,119.77,1,2.0,2026-07-31,
2026-08-10,D055022G7,KR2055022G74,전북지역개발26-07,소액채권,8977.0,0.0,4.247,8962.0,4.282,8977.0,4.247,8961.0,4.284,615476000,551778104,2026-08-10,2031-07-31,1816.0,4.971937029431896,NORMAL,3~5년,CALCULATED,4.971937029431896,4.769701678273115,,,2026-08-07,3.746,3.964,4.208,4.448,2.75,0.4620000000000002,0.7020000000000004,0.996,3,2026-07-01,119.77,1,2.0,2026-07-31,
2026-08-10,D077022G7,KR2077022G78,경북지역개발26-07,소액채권,8977.0,0.0,4.247,8967.0,4.27,8977.0,4.247,8961.0,4.284,568100000,509478269,2026-08-10,2031-07-31,1816.0,4.971937029431896,NORMAL,3~5년,CALCULATED,4.971937029431896,4.769701678273115,,,2026-08-07,3.746,3.964,4.208,4.448,2.75,0.4620000000000002,0.7020000000000004,0.996,3,2026-07-01,119.77,1,2.0,2026-07-31,
2026-08-10,D088022G7,KR2088022G75,경남지역개발26-07,소액채권,8977.0,0.0,4.247,8967.0,4.27,8977.0,4.247,8961.5,4.283,280849000,251856203,2026-08-10,2031-07-31,1816.0,4.971937029431896,NORMAL,3~5년,CALCULATED,4.971937029431896,4.769701678273115,,,2026-08-07,3.746,3.964,4.208,4.448,2.75,0.4620000000000002,0.7020000000000004,0.996,3,2026-07-01,119.77,1,2.0,2026-07-31,
2026-08-10,D099032G7,KR2099032G70,제주지역개발26-07,소액채권,8977.0,0.0,4.247,8967.0,4.27,8977.0,4.247,8961.5,4.283,218104000,195656271,2026-08-10,2031-07-31,1816.0,4.971937029431896,NORMAL,3~5년,CALCULATED,4.971937029431896,4.769701678273115,,,2026-08-07,3.746,3.964,4.208,4.448,2.75,0.4620000000000002,0.7020000000000004,0.996,3,2026-07-01,119.77,1,2.0,2026-07-31,
2026-08-10,D100012G7,KR2100012G70,창원지역개발26-07,소액채권,8977.0,7.0,4.247,8967.0,4.27,8977.0,4.247,8961.5,4.283,59999000,53821748,2026-08-10,2031-07-31,1816.0,4.971937029431896,NORMAL,3~5년,CALCULATED,4.971937029431896,4.768969679857174,,,2026-08-07,3.746,3.964,4.208,4.448,2.75,0.4620000000000002,0.7020000000000004,0.996,3,2026-07-01,119.77,1,2.0,2026-07-31,
2026-08-10,D101012G7,KR2101012G78,세종지역개발26-07,소액채권,8977.0,0.0,4.247,8967.0,4.27,8977.0,4.247,8961.5,4.283,203202000,182256999,2026-08-10,2031-07-31,1816.0,4.971937029431896,NORMAL,3~5년,CALCULATED,4.971937029431896,4.769701678273115,,,2026-08-07,3.746,3.964,4.208,4.448,2.75,0.4620000000000002,0.7020000000000004,0.996,3,2026-07-01,119.77,1,2.0,2026-07-31,
2026-08-10,D106012G7,KR2106012G77,전남광주지역개발26-07,소액채권,8977.0,0.0,4.247,8962.0,4.282,8977.0,4.247,8961.0,4.284,801245000,718443583,2026-08-10,2031-07-31,1816.0,4.971937029431896,NORMAL,3~5년,CALCULATED,4.971937029431896,4.769701678273115,,,2026-08-07,3.746,3.964,4.208,4.448,2.75,0.4620000000000002,0.7020000000000004,0.996,3,2026-07-01,119.77,1,2.0,2026-07-31,
2026-08-10,E50101GB9,KR350101GB92,한국전력1067,일반채권,10073.0,0.0,3.638,10073.0,3.638,10073.0,3.638,10073.0,3.638,380000,382774,2026-08-10,2026-09-03,24.0,0.0657084188911704,NORMAL,1년 이하,CALCULATED,0.0657534246575342,0.0636941914480197,True,False,2026-08-07,3.746,3.964,4.208,4.448,2.75,0.4620000000000002,0.7020000000000004,0.996,3,2026-07-01,119.77,1,1.938,2021-09-03,AAA
2026-08-10,E50103GBB,KR350103GBB9,한국전력1085(지),일반채권,10050.0,14.4,3.252,10049.5,3.274,10050.0,3.252,10049.5,3.274,47440000,47675959,2026-08-10,2026-11-04,86.0,0.2354551676933607,NORMAL,1년 이하,CALCULATED,0.2356164383561644,0.227119883513909,True,False,2026-08-07,3.746,3.964,4.208,4.448,2.75,0.4620000000000002,0.7020000000000004,0.996,3,2026-07-01,119.77,1,2.528,2021-11-04,AAA
2026-08-10,E50104GA2,KR350104GA25,한국전력1021,일반채권,9970.0,-11.5,3.381,9970.0,3.381,9970.0,3.381,9970.0,3.381,37620000,37507140,2026-08-10,2027-02-25,199.0,0.5448323066392882,NORMAL,1년 이하,CALCULATED,0.541385662527645,0.5250309484824176,True,False,2026-08-07,3.746,3.964,4.208,4.448,2.75,0.4620000000000002,0.7020000000000004,0.996,3,2026-07-01,119.77,1,1.515,2020-02-25,AAA
2026-08-10,E50105GEA,KR350105GEA0,한국전력1428,일반채권,10112.5,2.5,2.684,10112.5,2.684,10112.5,2.684,10112.5,2.684,70000,70784,2026-08-10,2026-10-15,66.0,0.1806981519507187,NORMAL,1년 이하,CALCULATED,0.1808219178082191,0.1760697940663679,True,False,2026-08-07,3.746,3.964,4.208,4.448,2.75,0.4620000000000002,0.7020000000000004,0.996,3,2026-07-01,119.77,1,3.229,2024-10-15,AAA
2026-08-10,E50201GAB,KR350201GAB3,서울교통공사2020-4,일반채권,9780.2,3.4,3.466,9780.2,3.466,9780.2,3.466,9780.2,3.466,120000,117362,2026-08-10,2027-11-03,450.0,1.2320328542094456,NORMAL,1~3년,CALCULATED,1.2227435642941042,1.1817144389729628,True,False,2026-08-07,3.746,3.964,4.208,4.448,2.75,0.4620000000000002,0.7020000000000004,0.996,3,2026-07-01,119.77,1,1.61,2020-11-03,AAA
2026-08-10,E56112722,KR3561127225,토지주택채권112,일반채권,9920.0,-40.0,4.559,9920.0,4.559,9920.0,4.559,9920.0,4.559,20000,19840,2026-08-10,2032-02-22,2022.0,5.535934291581109,NORMAL,5~10년,CALCULATED,4.921778004780622,4.711233001924612,True,False,2026-08-07,3.746,3.964,4.208,4.448,2.75,0.4620000000000002,0.7020000000000004,0.996,3,2026-07-01,119.77,1,4.35,2012-02-22,AAA
2026-08-10,E80801AG3,KR380801AG36,한국수출입금융2603바-할인-184,일반채권,9965.0,-0.6,3.373,9965.0,3.373,9965.0,3.373,9965.0,3.373,1110000,1106115,2026-08-10,2026-09-17,38.0,0.1040383299110198,NORMAL,1년 이하,CALCULATED,0.1040383299110198,0.1009365497375839,,,2026-08-07,3.746,3.964,4.208,4.448,2.75,0.4620000000000002,0.7020000000000004,0.996,3,2026-07-01,119.77,1,2.75,2026-03-17,AAA
2026-08-10,E80807GE8,KR380807GE85,한국수출입금융2408자-이표-2,일반채권,10071.7,2.2,2.756,10071.7,2.756,10071.7,2.756,10071.7,2.756,10000,10071,2026-08-10,2026-08-21,11.0,0.0301163586584531,NORMAL,1년 이하,CALCULATED,0.0301369863013698,0.0293332551113197,True,False,2026-08-07,3.746,3.964,4.208,4.448,2.75,0.4620000000000002,0.7020000000000004,0.996,3,2026-07-01,119.77,1,3.2,2024-08-21,AAA
2026-08-10,B000014F4,KR6000014F44,신한은행29-04-이-1.5-A,일반채권,9992.0,7.0,3.57,9994.5,3.445,9994.5,3.445,9991.0,3.621,688850000,688299476,2026-08-10,2026-10-23,74.0,0.2026009582477755,NORMAL,1년 이하,CALCULATED,0.2027397260273972,0.1953760044207781,True,False,2026-08-07,3.746,3.964,4.208,4.448,2.75,0.4620000000000002,0.7020000000000004,0.996,3,2026-07-01,119.77,1,2.55,2025-04-23,AAA
2026-08-10,B00001AFA,KR600001AFA9,신한은행29-10-할-12M-D,일반채권,9922.0,1.9,3.542,9920.0,3.634,9922.0,3.542,9920.0,3.634,637090000,631997148,2026-08-10,2026-10-30,81.0,0.2217659137577002,NORMAL,1년 이하,CALCULATED,0.2217659137577002,0.21426865356931,,,2026-08-07,3.746,3.964,4.208,4.448,2.75,0.4620000000000002,0.7020000000000004,0.996,3,2026-07-01,119.77,1,2.59,2025-10-30,AAA
2026-08-10,B000822EA,KR6000822EA9,롯데건설149-2,일반채권,10013.0,-6.0,5.798,10022.0,5.721,10023.0,5.712,10010.0,5.824,87080000,87255596,2026-08-10,2027-10-25,441.0,1.2073921971252566,NORMAL,1~3년,CALCULATED,1.167729362241701,1.10468498986983,True,False,2026-08-07,3.746,3.964,4.208,4.448,2.75,0.4620000000000002,0.7020000000000004,0.996,3,2026-07-01,119.77,1,5.7,2024-10-25,A0
2026-08-10,B002322F1,KR6002322F13,한진122-2,일반채권,10030.0,10.0,4.086,10030.0,4.086,10030.0,4.086,10030.0,4.086,69000000,69207000,2026-08-10,2028-01-21,529.0,1.4483230663928817,NORMAL,1~3년,CALCULATED,1.4113158807946884,1.3553012789362529,True,False,2026-08-07,3.746,3.964,4.208,4.448,2.75,0.4620000000000002,0.7020000000000004,0.996,3,2026-07-01,119.77,1,4.141,2025-01-21,BBB+
2026-08-10,B002322F5,KR6002322F54,한진123-2,일반채권,9999.9,-20.1,4.517,9999.9,4.517,9999.9,4.517,9999.9,4.517,100000,99999,2026-08-10,2028-05-26,655.0,1.7932922655715264,NORMAL,1~3년,CALCULATED,1.7256990281640867,1.653300978323309,True,False,2026-08-07,3.746,3.964,4.208,4.448,2.75,0.4620000000000002,0.7020000000000004,0.996,3,2026-07-01,119.77,1,4.043,2025-05-28,BBB+
2026-08-10,B002322G1,KR6002322G12,한진126-2,일반채권,10030.0,378.0,4.096,10030.0,4.096,10030.0,4.096,10030.0,4.096,1900000,1905700,2026-08-10,2029-01-22,896.0,2.4531143052703626,NORMAL,1~3년,CALCULATED,2.339897897989511,2.212857735400186,True,False,2026-08-07,3.746,3.964,4.208,4.448,2.75,0.4620000000000002,0.7020000000000004,0.996,3,2026-07-01,119.77,1,4.135,2026-01-22,BBB+
2026-08-10,B003342F2,KR6003342F25,SK에코플랜트182-2,일반채권,10030.0,2.0,3.6,10030.0,3.6,10030.0,3.6,10030.0,3.6,15440000,15486320,2026-08-10,2026-08-18,8.0,0.0219028062970568,NORMAL,1년 이하,CALCULATED,0.021917808219178,0.0212190644275779,True,False,2026-08-07,3.746,3.964,4.208,4.448,2.75,0.4620000000000002,0.7020000000000004,0.996,3,2026-07-01,119.77,1,4.532,2025-02-18,A-
2026-08-10,B003342G2,KR6003342G24,SK에코플랜트185-1,일반채권,9936.1,-53.9,5.452,9936.1,5.452,9936.1,5.452,9936.1,5.452,2110000,2096515,2026-08-10,2027-02-24,198.0,0.5420944558521561,NORMAL,1년 이하,CALCULATED,0.5367536683253803,0.5143042862313806,True,False,2026-08-07,3.746,3.964,4.208,4.448,2.75,0.4620000000000002,0.7020000000000004,0.996,3,2026-07-01,119.77,1,3.907,2026-02-24,A-
2026-08-10,B003343F2,KR6003343F24,SK에코플랜트182-3,일반채권,10000.0,-40.0,5.216,10035.0,4.534,10035.0,4.534,10000.0,5.216,27660000,27694920,2026-08-10,2027-02-18,192.0,0.5256673511293635,NORMAL,1년 이하,CALCULATED,0.5192494560699072,0.4975178752777741,True,False,2026-08-07,3.746,3.964,4.208,4.448,2.75,0.4620000000000002,0.7020000000000004,0.996,3,2026-07-01,119.77,1,4.656,2025-02-18,A-
2026-08-10,B003343G7,KR6003343G72,SK에코플랜트186-3,일반채권,10070.0,-3.0,4.86,10070.0,4.86,10070.0,4.86,10070.0,4.86,20000000,20140000,2026-08-10,2028-07-30,720.0,1.9712525667351128,NORMAL,1~3년,CALCULATED,1.877710668995184,1.7912984326062582,False,True,2026-08-07,3.746,3.964,4.208,4.448,2.75,0.4620000000000002,0.7020000000000004,0.996,3,2026-07-01,119.77,1,5.153,2026-07-30,A-
2026-08-10,B003492E2,KR6003492E24,대한항공106-2,일반채권,10120.0,10.0,3.946,10120.0,3.946,10120.0,3.946,10120.0,3.946,9900000,10018800,2026-08-10,2027-02-26,200.0,0.5475701574264202,NORMAL,1년 이하,CALCULATED,0.5395815218844345,0.518484391974973,True,False,2026-08-07,3.746,3.964,4.208,4.448,2.75,0.4620000000000002,0.7020000000000004,0.996,3,2026-07-01,119.77,1,4.499,2024-02-28,A0
2026-08-10,B003492G6,KR6003492G63,대한항공118-2,일반채권,10090.0,0.0,4.658,10090.0,4.658,10090.0,4.658,10080.0,4.696,136770000,138000890,2026-08-10,2029-06-11,1036.0,2.836413415468857,NORMAL,1~3년,CALCULATED,2.653899685018076,2.536122171379225,False,False,2026-08-07,3.746,3.964,4.208,4.448,2.75,0.4620000000000002,0.7020000000000004,0.996,3,2026-07-01,119.77,1,4.71,2026-06-11,A0
2026-08-10,B003493E2,KR6003493E23,대한항공106-3,일반채권,10130.0,0.0,4.652,10130.0,4.652,10130.0,4.652,10130.0,4.652,2470000,2502110,2026-08-10,2029-02-28,933.0,2.5544147843942504,NORMAL,1~3년,CALCULATED,2.398965547320709,2.292677039757549,True,False,2026-08-07,3.746,3.964,4.208,4.448,2.75,0.4620000000000002,0.7020000000000004,0.996,3,2026-07-01,119.77,1,4.794,2024-02-28,A0
2026-08-10,B003493F9,KR6003493F97,대한항공112-3,일반채권,9600.0,0.0,4.558,9600.0,4.558,9600.0,4.558,9500.0,4.751,34110000,32501671,2026-08-10,2032-09-30,2243.0,6.140999315537303,NORMAL,5~10년,CALCULATED,5.480858189075478,5.242281938073742,True,False,2026-08-07,3.746,3.964,4.208,4.448,2.75,0.4620000000000002,0.7020000000000004,0.996,3,2026-07-01,119.77,1,3.73,2025-09-30,A0
2026-08-10,B008272F6,KR6008272F69,산은캐피탈768-2,일반채권,9876.3,4.2,4.008,9876.3,4.008,9876.3,4.008,9876.3,4.008,105000000,103701149,2026-08-10,2027-12-23,500.0,1.3689253935660506,NORMAL,1~3년,CALCULATED,1.343727555775594,1.2918469810179145,True,False,2026-08-07,3.746,3.964,4.208,4.448,2.75,0.4620000000000002,0.7020000000000004,0.996,3,2026-07-01,119.77,1,2.802,2025-06-23,AA-
2026-08-10,B009201F2,KR6009201F22,무림페이퍼106,일반채권,9916.9,4.2,5.703,9917.3,5.7,9917.3,5.7,9916.9,5.703,1050000,1041314,2026-08-10,2028-02-14,553.0,1.514031485284052,NORMAL,1~3년,CALCULATED,1.4581437506691042,1.3795115900369954,True,False,2026-08-07,3.746,3.964,4.208,4.448,2.75,0.4620000000000002,0.7020000000000004,0.996,3,2026-07-01,119.77,1,4.395,2025-02-14,A-
2026-08-10,B011791G2,KR6011791G23,SKC146-1,일반채권,9998.0,0.0,4.292,9998.0,4.292,9998.0,4.292,9998.0,4.292,20000,19996,2026-08-10,2028-02-03,542.0,1.483915126625599,NORMAL,1~3년,CALCULATED,1.4408553653997642,1.3818768609734189,True,False,2026-08-07,3.746,3.964,4.208,4.448,2.75,0.4620000000000002,0.7020000000000004,0.996,3,2026-07-01,119.77,1,4.223,2026-02-03,A0
2026-08-10,B023764E9,KR6023764E98,한국캐피탈535-4,일반채권,10055.0,2.0,5.57,10055.0,5.57,10055.0,5.57,10055.0,5.57,1950000,1960725,2026-08-10,2026-09-23,44.0,0.1204654346338124,NORMAL,1년 이하,CALCULATED,0.1205479452054794,0.1144044274513423,True,False,2026-08-07,3.746,3.964,4.208,4.448,2.75,0.4620000000000002,0.7020000000000004,0.996,3,2026-07-01,119.77,1,4.969,2024-09-25,A0
2026-08-10,B023765F3,KR6023765F39,한국캐피탈544-1,일반채권,10047.0,-8.7,4.612,10048.0,4.527,10050.0,4.358,10047.0,4.612,45830000,46048029,2026-08-10,2026-09-22,43.0,0.1177275838466803,NORMAL,1년 이하,CALCULATED,0.1178082191780822,0.1136914517116049,True,False,2026-08-07,3.746,3.964,4.208,4.448,2.75,0.4620000000000002,0.7020000000000004,0.996,3,2026-07-01,119.77,1,4.214,2025-03-26,A0
2026-08-10,B023785F1,KR6023785F19,신한캐피탈507-5,일반채권,9907.5,3.9,4.035,9907.5,4.035,9907.5,4.035,9907.5,4.035,90930000,90088896,2026-08-10,2028-01-07,515.0,1.4099931553730325,NORMAL,1~3년,CALCULATED,1.3815943191043882,1.327945327858889,True,False,2026-08-07,3.746,3.964,4.208,4.448,2.75,0.4620000000000002,0.7020000000000004,0.996,3,2026-07-01,119.77,1,3.157,2025-01-09,AA-
2026-08-10,B025901F3,KR6025901F39,동화기업23,일반채권,9930.0,30.0,6.325,9930.0,6.325,9930.0,6.325,9930.0,6.325,240000,238320,2026-08-10,2027-03-10,212.0,0.5804243668720055,NORMAL,1년 이하,CALCULATED,0.5735262114217646,0.5335177177664578,True,False,2026-08-07,3.746,3.964,4.208,4.448,2.75,0.4620000000000002,0.7020000000000004,0.996,3,2026-07-01,119.77,1,5.1,2025-03-10,BBB+
2026-08-10,B025901G6,KR6025901G61,동화기업25,일반채권,9793.0,7.0,8.3,9793.0,8.3,9793.0,8.3,9793.0,8.3,27890000,27312677,2026-08-10,2027-12-01,478.0,1.3086926762491444,NORMAL,1~3년,CALCULATED,1.2563730119966603,1.1600430381118525,True,False,2026-08-07,3.746,3.964,4.208,4.448,2.75,0.4620000000000002,0.7020000000000004,0.996,3,2026-07-01,119.77,1,6.5,2026-06-01,BBB+
2026-08-10,B029692E5,KR6029692E50,롯데캐피탈461-2,일반채권,10148.9,1.4,4.472,10149.0,4.471,10149.0,4.471,10148.5,4.477,16480000,16725468,2026-08-10,2027-05-24,287.0,0.785763175906913,NORMAL,1년 이하,CALCULATED,0.7680650650234925,0.7353986566931814,True,False,2026-08-07,3.746,3.964,4.208,4.448,2.75,0.4620000000000002,0.7020000000000004,0.996,3,2026-07-01,119.77,1,5.025,2024-05-24,A+
2026-08-10,B0302039A,KR60302039A7,KT192-3,일반채권,9298.0,48.0,4.037,9298.0,4.037,9298.0,4.037,9298.0,4.037,220000,204556,2026-08-10,2029-10-11,1158.0,3.170431211498973,NORMAL,3~5년,CALCULATED,3.0909092802564104,2.9664660302859165,True,False,2026-08-07,3.746,3.964,4.208,4.448,2.75,0.4620000000000002,0.7020000000000004,0.996,3,2026-07-01,119.77,1,1.622,2019-10-11,AAA
2026-08-10,B034021E9,KR6034021E94,두산에너빌리티79-1,일반채권,10070.0,1.0,3.711,10068.0,3.94,10070.0,3.711,10068.0,3.94,110000,110750,2026-08-10,2026-09-11,32.0,0.0876112251882272,NORMAL,1년 이하,CALCULATED,0.0876712328767123,0.0847081420672016,True,False,2026-08-07,3.746,3.964,4.208,4.448,2.75,0.4620000000000002,0.7020000000000004,0.996,3,2026-07-01,119.77,1,4.1,2024-09-11,A-
2026-08-10,B034022E9,KR6034022E93,두산에너빌리티79-2,일반채권,10100.0,0.3,4.327,10120.0,4.138,10120.0,4.138,10099.9,4.328,39940000,40346195,2026-08-10,2027-09-10,396.0,1.0841889117043122,NORMAL,1~3년,CALCULATED,1.0569946527881853,1.0134565590129871,True,False,2026-08-07,3.746,3.964,4.208,4.448,2.75,0.4620000000000002,0.7020000000000004,0.996,3,2026-07-01,119.77,1,4.571,2024-09-11,A-
2026-08-10,B034222B9,KR6034222B94,엘지디스플레이43-2(녹),일반채권,10036.9,2.9,3.446,10035.0,3.646,10036.9,3.446,10035.0,3.646,97320000,97663719,2026-08-10,2026-09-14,35.0,0.0958247775496235,NORMAL,1년 이하,CALCULATED,0.0958904109589041,0.0926880392043923,True,False,2026-08-07,3.746,3.964,4.208,4.448,2.75,0.4620000000000002,0.7020000000000004,0.996,3,2026-07-01,119.77,1,2.792,2021-09-14,A0
2026-08-10,B034612G4,KR6034612G48,한화호텔앤드리조트50-2,일반채권,9990.0,0.0,4.689,9990.0,4.689,9990.0,4.689,9990.0,4.689,21800000,21778200,2026-08-10,2028-04-07,606.0,1.659137577002053,NORMAL,1~3년,CALCULATED,1.6041288242685443,1.5326169188356722,True,False,2026-08-07,3.746,3.964,4.208,4.448,2.75,0.4620000000000002,0.7020000000000004,0.996,3,2026-07-01,119.77,1,4.388,2026-04-09,A-
2026-08-10,B034831E8,KR6034831E86,한국토지신탁45-1,일반채권,10035.0,3.0,3.715,10035.0,3.715,10035.0,3.715,10035.0,3.715,810000,812835,2026-08-10,2026-08-28,18.0,0.0492813141683778,NORMAL,1년 이하,CALCULATED,0.0493150684931506,0.0475486366419039,True,False,2026-08-07,3.746,3.964,4.208,4.448,2.75,0.4620000000000002,0.7020000000000004,0.996,3,2026-07-01,119.77,1,6.365,2024-08-28,A-
2026-08-10,B034832E2,KR6034832E28,한국토지신탁44-2,일반채권,10123.2,-30.8,5.767,10158.0,5.107,10158.0,5.107,10122.1,5.788,33400000,33888017,2026-08-10,2027-02-22,196.0,0.5366187542778919,NORMAL,1년 이하,CALCULATED,0.5263516893563024,0.5007960661030632,True,False,2026-08-07,3.746,3.964,4.208,4.448,2.75,0.4620000000000002,0.7020000000000004,0.996,3,2026-07-01,119.77,1,7.402,2024-02-22,A-
2026-08-10,B035651G2,KR6035651G21,이랜드월드107,일반채권,9979.5,-18.3,7.278,9943.0,8.044,9989.1,7.077,9943.0,8.044,146300000,145723123,2026-08-10,2027-02-05,179.0,0.4900752908966461,NORMAL,1년 이하,CALCULATED,0.4834514412232798,0.4527461943242117,True,False,2026-08-07,3.746,3.964,4.208,4.448,2.75,0.4620000000000002,0.7020000000000004,0.996,3,2026-07-01,119.77,1,6.7,2026-02-06,BBB0
2026-08-10,B035651G4,KR6035651G47,이랜드월드108,일반채권,9920.1,-58.8,7.927,9923.0,7.884,9969.2,7.203,9920.1,7.927,167000000,165755311,2026-08-10,2027-04-23,256.0,0.7008898015058179,NORMAL,1년 이하,CALCULATED,0.6859312116535965,0.6411890404135397,True,False,2026-08-07,3.746,3.964,4.208,4.448,2.75,0.4620000000000002,0.7020000000000004,0.996,3,2026-07-01,119.77,1,6.306,2026-04-23,BBB0
2026-08-10,B035652F8,KR6035652F88,이랜드월드106-2,일반채권,9980.0,-50.0,7.586,10037.0,6.516,10037.0,6.516,9930.0,8.532,12070000,12011400,2026-08-10,2027-02-26,200.0,0.5475701574264202,NORMAL,1년 이하,CALCULATED,0.5380944738933973,0.5050254100437336,True,False,2026-08-07,3.746,3.964,4.208,4.448,2.75,0.4620000000000002,0.7020000000000004,0.996,3,2026-07-01,119.77,1,6.8,2025-08-29,BBB0
2026-08-10,B039331F9,KR6039331F97,에스엘엘중앙21,일반채권,9497.7,-1.3,54.668,9400.0,63.684,9540.0,50.809,9400.0,63.684,91610000,86623364,2026-08-10,2026-09-23,44.0,0.1204654346338124,NORMAL,1년 이하,CALCULATED_HIGH_YTM,0.119997960832255,0.0794435946402832,True,False,2026-08-07,3.746,3.964,4.208,4.448,2.75,0.4620000000000002,0.7020000000000004,0.996,3,2026-07-01,119.77,1,7.6,2025-09-24,B-
2026-08-10,B039331G1,KR6039331G13,에스엘엘중앙22,일반채권,8301.0,-99.0,28.291,8400.0,26.989,8400.0,26.989,8300.4,28.299,148840000,123982347,2026-08-10,2027-07-30,354.0,0.969199178644764,NORMAL,1년 이하,CALCULATED,0.9314737067921957,0.7348557123861558,True,True,2026-08-07,3.746,3.964,4.208,4.448,2.75,0.4620000000000002,0.7020000000000004,0.996,3,2026-07-01,119.77,1,7.8,2026-01-30,B-
2026-08-10,B042662EB,KR6042662EB7,한화오션8-2,일반채권,10142.0,42.0,3.104,10142.3,3.093,10142.3,3.093,10142.0,3.104,27030000,27414636,2026-08-10,2026-11-27,109.0,0.298425735797399,NORMAL,1년 이하,CALCULATED,0.2957119224193174,0.2832299773188745,True,False,2026-08-07,3.746,3.964,4.208,4.448,2.75,0.4620000000000002,0.7020000000000004,0.996,3,2026-07-01,119.77,1,4.689,2024-11-27,A-
2026-08-10,B042662F2,KR6042662F25,한화오션10-2,일반채권,10100.0,28.0,4.591,10100.0,4.591,10100.0,4.591,10100.0,4.591,380000,383800,2026-08-10,2028-02-18,557.0,1.5249828884325805,NORMAL,1~3년,CALCULATED,1.467543583552198,1.4009160177480984,True,False,2026-08-07,3.746,3.964,4.208,4.448,2.75,0.4620000000000002,0.7020000000000004,0.996,3,2026-07-01,119.77,1,4.571,2025-02-19,A-
2026-08-10,B042662F7,KR6042662F74,한화오션11-2,일반채권,9865.0,-130.0,4.847,10999.0,-0.945,10999.0,-0.945,9861.0,4.869,6500000,7024370,2026-08-10,2028-07-24,714.0,1.9548254620123204,NORMAL,1~3년,CALCULATED,1.887818869516184,1.8129965038041853,True,False,2026-08-07,3.746,3.964,4.208,4.448,2.75,0.4620000000000002,0.7020000000000004,0.996,3,2026-07-01,119.77,1,4.02,2025-07-24,A-
2026-08-10,B046291F9,KR6046291F90,엠지캐피탈387-1,일반채권,10040.0,0.0,4.195,10045.6,3.73,10045.6,3.73,10040.0,4.195,360000,361445,2026-08-10,2026-09-23,44.0,0.1204654346338124,NORMAL,1년 이하,CALCULATED,0.1205479452054794,0.1159929038704854,True,False,2026-08-07,3.746,3.964,4.208,4.448,2.75,0.4620000000000002,0.7020000000000004,0.996,3,2026-07-01,119.77,1,3.723,2025-09-26,A0
2026-08-10,B046292FC,KR6046292FC4,엠지캐피탈392-2,일반채권,10035.1,3.5,3.99,10035.1,3.99,10035.1,3.99,10035.1,3.99,20000,20070,2026-08-10,2026-12-11,123.0,0.3367556468172484,NORMAL,1년 이하,CALCULATED,0.3341692608999653,0.3213227763033571,True,False,2026-08-07,3.746,3.964,4.208,4.448,2.75,0.4620000000000002,0.7020000000000004,0.996,3,2026-07-01,119.77,1,4.088,2025-12-12,A0
2026-08-10,B046293F2,KR6046293F23,엠지캐피탈377-3,일반채권,9944.8,-15.2,6.656,9944.8,6.656,9944.8,6.656,9944.8,6.656,26840000,26691843,2026-08-10,2027-02-11,185.0,0.5065023956194388,NORMAL,1년 이하,CALCULATED,0.4998812359430811,0.4704985984687101,True,False,2026-08-07,3.746,3.964,4.208,4.448,2.75,0.4620000000000002,0.7020000000000004,0.996,3,2026-07-01,119.77,1,4.759,2025-02-11,A0
2026-08-10,B046294EA,KR6046294EA7,엠지캐피탈368-2,일반채권,10023.0,-15.0,5.731,10023.0,5.731,10023.0,5.731,10023.0,5.731,2390000,2395497,2026-08-10,2026-10-23,74.0,0.2026009582477755,NORMAL,1년 이하,CALCULATED,0.2027397260273972,0.1934705518865143,True,False,2026-08-07,3.746,3.964,4.208,4.448,2.75,0.4620000000000002,0.7020000000000004,0.996,3,2026-07-01,119.77,1,5.656,2024-10-25,A0
2026-08-10,B046297F1,KR6046297F11,엠지캐피탈376-3,일반채권,10033.0,1.0,4.59,10033.0,4.59,10033.0,4.59,10033.0,4.59,2420000,2427986,2026-08-10,2027-01-22,165.0,0.4517453798767967,NORMAL,1년 이하,CALCULATED,0.4470661859292996,0.4276917496692812,True,False,2026-08-07,3.746,3.964,4.208,4.448,2.75,0.4620000000000002,0.7020000000000004,0.996,3,2026-07-01,119.77,1,4.81,2025-01-23,A0
2026-08-10,B046297FB,KR6046297FB5,엠지캐피탈391-1,일반채권,10050.6,18.1,5.027,10050.6,5.027,10050.6,5.027,10050.6,5.027,990000,995009,2026-08-10,2026-11-27,109.0,0.298425735797399,NORMAL,1년 이하,CALCULATED,0.2961343990376019,0.2807120774997648,True,False,2026-08-07,3.746,3.964,4.208,4.448,2.75,0.4620000000000002,0.7020000000000004,0.996,3,2026-07-01,119.77,1,3.986,2025-11-27,A0
2026-08-10,B048711EA,KR6048711EA8,여천NCC84-1,일반채권,10040.0,20.0,5.269,10040.0,5.269,10040.0,5.269,10040.0,5.269,8000000,8032000,2026-08-10,2026-10-16,67.0,0.1834360027378508,NORMAL,1년 이하,CALCULATED,0.1835616438356164,0.1730179311135563,True,False,2026-08-07,3.746,3.964,4.208,4.448,2.75,0.4620000000000002,0.7020000000000004,0.996,3,2026-07-01,119.77,1,5.5,2024-10-17,BBB+
2026-08-10,B048712EA,KR6048712EA6,여천NCC84-2,일반채권,9935.9,-14.1,6.7,9900.2,7.019,9949.0,6.583,9900.1,7.02,173200000,171512728,2026-08-10,2027-10-15,431.0,1.1800136892539357,NORMAL,1~3년,CALCULATED,1.1454361447028152,1.075254296753701,True,False,2026-08-07,3.746,3.964,4.208,4.448,2.75,0.4620000000000002,0.7020000000000004,0.996,3,2026-07-01,119.77,1,5.8,2024-10-17,BBB+
2026-08-10,B051913B2,KR6051913B27,LG화학54-3(지),일반채권,9650.0,-89.2,4.414,9579.1,4.911,9650.0,4.414,9579.1,4.911,840000,807622,2026-08-10,2028-02-19,558.0,1.5277207392197123,NORMAL,1~3년,CALCULATED,1.505398993567067,1.4506514093771723,True,False,2026-08-07,3.746,3.964,4.208,4.448,2.75,0.4620000000000002,0.7020000000000004,0.996,3,2026-07-01,119.77,1,1.758,2021-02-19,AA0
2026-08-10,B064981B1,KR6064981B19,한국남동발전48-1(녹),일반채권,9150.0,0.0,4.009,9150.0,4.009,9150.0,4.009,9150.0,4.009,20000,18300,2026-08-10,2031-01-26,1630.0,4.462696783025325,NORMAL,3~5년,CALCULATED,4.278928053612933,4.114274777035955,True,False,2026-08-07,3.746,3.964,4.208,4.448,2.75,0.4620000000000002,0.7020000000000004,0.996,3,2026-07-01,119.77,1,1.9,2021-01-26,AAA
2026-08-10,B068172BB,KR6068172BB2,한국동서발전40-2,일반채권,9992.0,9.5,3.337,9992.0,3.337,9992.0,3.337,9992.0,3.337,77410000,77348072,2026-08-10,2026-11-03,85.0,0.2327173169062286,NORMAL,1년 이하,CALCULATED,0.2328767123287671,0.2247324097976985,True,False,2026-08-07,3.746,3.964,4.208,4.448,2.75,0.4620000000000002,0.7020000000000004,0.996,3,2026-07-01,119.77,1,2.761,2021-11-03,AAA
2026-08-10,B079161F7,KR6079161F72,씨제이 씨지브이41-1,일반채권,10030.0,14.0,5.434,10020.0,5.662,10030.0,5.434,10010.0,5.891,10020000,10050030,2026-08-10,2027-01-21,164.0,0.4490075290896646,NORMAL,1년 이하,CALCULATED,0.4459259217221173,0.4220824822971513,True,False,2026-08-07,3.746,3.964,4.208,4.448,2.75,0.4620000000000002,0.7020000000000004,0.996,3,2026-07-01,119.77,1,5.45,2025-07-21,A-
2026-08-10,B079162F7,KR6079162F71,씨제이 씨지브이41-2,일반채권,10019.7,14.9,5.713,10019.7,5.713,10019.7,5.713,10019.7,5.713,10000,10019,2026-08-10,2027-07-21,345.0,0.944558521560575,NORMAL,1년 이하,CALCULATED,0.9247701067260268,0.873867334491875,True,False,2026-08-07,3.746,3.964,4.208,4.448,2.75,0.4620000000000002,0.7020000000000004,0.996,3,2026-07-01,119.77,1,5.6,2025-07-21,A-
2026-08-10,B086521F2,KR6086521F23,에코프로26-1,일반채권,10109.9,0.9,3.275,10109.9,3.275,10109.9,3.275,10109.9,3.275,10000,10109,2026-08-10,2026-08-24,14.0,0.0383299110198494,NORMAL,1년 이하,CALCULATED,0.0383561643835616,0.0372788068651585,True,False,2026-08-07,3.746,3.964,4.208,4.448,2.75,0.4620000000000002,0.7020000000000004,0.996,3,2026-07-01,119.77,1,4.9,2025-02-24,BBB+
2026-08-10,B095231FC,KR6095231FC2,애큐온캐피탈252-1,일반채권,10058.3,3.4,3.904,10058.3,3.904,10058.3,3.904,10055.0,4.019,1230000,1237098,2026-08-10,2026-11-23,105.0,0.2874743326488706,NORMAL,1년 이하,CALCULATED,0.2851225503626605,0.2743911138981056,True,False,2026-08-07,3.746,3.964,4.208,4.448,2.75,0.4620000000000002,0.7020000000000004,0.996,3,2026-07-01,119.77,1,4.088,2025-12-23,A0
2026-08-10,B095232FB,KR6095232FB2,애큐온캐피탈251-2,일반채권,9942.9,-77.1,4.707,9942.9,4.707,9942.9,4.707,9942.9,4.707,10000,9942,2026-08-10,2027-05-10,273.0,0.7474332648870636,NORMAL,1년 이하,CALCULATED,0.7407494393772275,0.7058722895505356,True,False,2026-08-07,3.746,3.964,4.208,4.448,2.75,0.4620000000000002,0.7020000000000004,0.996,3,2026-07-01,119.77,1,3.928,2025-11-10,A0
2026-08-10,B095234F3,KR6095234F30,애큐온캐피탈243-4,일반채권,10017.0,0.0,4.842,10021.0,4.773,10021.0,4.773,10017.0,4.842,20650000,20685109,2026-08-10,2027-03-12,214.0,0.5859000684462696,NORMAL,1년 이하,CALCULATED,0.5777022194069507,0.5513741058524941,True,False,2026-08-07,3.746,3.964,4.208,4.448,2.75,0.4620000000000002,0.7020000000000004,0.996,3,2026-07-01,119.77,1,4.527,2025-03-12,A0
2026-08-10,B123892E4,KR6123892E42,한국자산신탁8-2,일반채권,10100.0,0.0,5.79,10110.0,5.648,10110.0,5.648,10100.0,5.79,39210000,39637581,2026-08-10,2027-04-29,262.0,0.7173169062286106,NORMAL,1년 이하,CALCULATED,0.7010305214501544,0.6630760484375869,True,True,2026-08-07,3.746,3.964,4.208,4.448,2.75,0.4620000000000002,0.7020000000000004,0.996,3,2026-07-01,119.77,1,6.9,2024-04-29,A-
2026-08-10,B140481F8,KR6140481F83,제이티비씨41,일반채권,3149.0,-249.0,141.131,3290.0,135.705,3290.0,135.705,3055.0,144.906,16080000,5289944,2026-08-10,2027-07-30,354.0,0.969199178644764,NORMAL,1년 이하,CALCULATED_HIGH_YTM,0.9142508894505744,0.3965847931300235,True,True,2026-08-07,3.746,3.964,4.208,4.448,2.75,0.4620000000000002,0.7020000000000004,0.996,3,2026-07-01,119.77,1,7.8,2025-08-01,BBB0
2026-08-10,B140483F2,KR6140483F24,제이티비씨37-2,일반채권,3189.0,-8.9,254.804,3190.0,254.729,3190.0,254.729,3100.0,261.606,25010000,7843190,2026-08-10,2027-02-19,193.0,0.5284052019164955,NORMAL,1년 이하,CALCULATED_HIGH_YTM,0.5138411303881496,0.1469633337208233,True,False,2026-08-07,3.746,3.964,4.208,4.448,2.75,0.4620000000000002,0.7020000000000004,0.996,3,2026-07-01,119.77,1,6.7,2025-02-19,BBB0
2026-08-10,B150351D9,KR6150351D99,삼척블루파워9,일반채권,10085.7,7.7,3.877,10070.0,5.501,10085.8,3.867,10070.0,5.501,49100000,49464762,2026-08-10,2026-09-15,36.0,0.0985626283367556,NORMAL,1년 이하,CALCULATED,0.0981107883472772,0.0940560327743739,True,False,2026-08-07,3.746,3.964,4.208,4.448,2.75,0.4620000000000002,0.7020000000000004,0.996,3,2026-07-01,119.77,1,7.402,2023-09-15,A+
2026-08-10,B150351E6,KR6150351E64,삼척블루파워10,일반채권,10110.0,-5.0,5.624,10110.0,5.624,10120.0,5.507,10100.0,5.741,12580000,12709480,2026-08-10,2027-06-25,319.0,0.8733744010951403,NORMAL,1년 이하,CALCULATED,0.8495883909262114,0.805197834320142,True,False,2026-08-07,3.746,3.964,4.208,4.448,2.75,0.4620000000000002,0.7020000000000004,0.996,3,2026-07-01,119.77,1,6.585,2024-06-25,A+
2026-08-10,B150351E9,KR6150351E98,삼척블루파워11,일반채권,10109.9,-36.0,5.741,10100.0,5.834,10110.0,5.74,10100.0,5.834,108120000,109287055,2026-08-10,2027-09-13,399.0,1.0924024640657084,NORMAL,1~3년,CALCULATED,1.0543943912368232,1.000753978015208,True,False,2026-08-07,3.746,3.964,4.208,4.448,2.75,0.4620000000000002,0.7020000000000004,0.996,3,2026-07-01,119.77,1,6.331,2024-09-13,A+
2026-08-10,B150351F4,KR6150351F48,삼척블루파워12,일반채권,9982.0,3.0,5.885,9960.0,6.021,9982.0,5.885,9960.0,6.021,679060000,677706856,2026-08-10,2028-04-25,624.0,1.7084188911704312,NORMAL,1~3년,CALCULATED,1.630124699985155,1.5396836805874483,True,False,2026-08-07,3.746,3.964,4.208,4.448,2.75,0.4620000000000002,0.7020000000000004,0.996,3,2026-07-01,119.77,1,5.625,2025-04-25,A+
2026-08-10,B150351F8,KR6150351F89,삼척블루파워13,일반채권,9950.0,-20.0,5.903,9965.0,5.824,9974.0,5.777,9945.0,5.929,109640000,109235308,2026-08-10,2028-08-25,746.0,2.0424366872005475,NORMAL,1~3년,CALCULATED,1.932948099300072,1.8274321660333088,True,False,2026-08-07,3.746,3.964,4.208,4.448,2.75,0.4620000000000002,0.7020000000000004,0.996,3,2026-07-01,119.77,1,5.519,2025-08-25,A+
2026-08-10,B150351G2,KR6150351G21,삼척블루파워14,일반채권,10067.0,-7.0,6.233,10075.0,6.199,10075.0,6.199,10060.5,6.26,243240000,244793952,2026-08-10,2029-02-23,928.0,2.54072553045859,NORMAL,1~3년,CALCULATED,2.3472998232296542,2.2106589909961807,True,False,2026-08-07,3.746,3.964,4.208,4.448,2.75,0.4620000000000002,0.7020000000000004,0.996,3,2026-07-01,119.77,1,6.402,2026-02-25,A+
2026-08-10,B169379E5,KR6169379E54,메리츠캐피탈256-4,일반채권,10190.0,5.0,-16.38,10190.0,-16.38,10190.0,-16.38,10190.0,-16.38,10000,10190,2026-08-10,2026-08-24,14.0,0.0383299110198494,NORMAL,1년 이하,CALCULATED,0.0383561643835616,0.0438020765625882,True,False,2026-08-07,3.746,3.964,4.208,4.448,2.75,0.4620000000000002,0.7020000000000004,0.996,3,2026-07-01,119.77,1,5.06,2024-05-24,A+
2026-08-10,B206352E9,KR6206352E97,에스케이어드밴스드14-2,일반채권,9981.0,-46.9,8.768,9980.0,8.894,9999.5,6.458,9980.0,8.894,293880000,293534479,2026-08-10,2026-09-09,30.0,0.082135523613963,NORMAL,1년 이하,CALCULATED,0.0821917808219178,0.0757541897748509,True,False,2026-08-07,3.746,3.964,4.208,4.448,2.75,0.4620000000000002,0.7020000000000004,0.996,3,2026-07-01,119.77,1,6.19,2024-09-09,BBB0
2026-08-10,B214341F3,KR6214341F37,한국투자캐피탈125-1,일반채권,10040.0,-5.0,4.746,10060.0,4.274,10060.0,4.274,10030.0,4.982,9260000,9306750,2026-08-10,2027-01-14,157.0,0.4298425735797399,NORMAL,1년 이하,CALCULATED,0.4275330917254867,0.408966033791359,True,False,2026-08-07,3.746,3.964,4.208,4.448,2.75,0.4620000000000002,0.7020000000000004,0.996,3,2026-07-01,119.77,1,4.172,2025-03-14,A0
2026-08-10,B214341F6,KR6214341F60,한국투자캐피탈127-1,일반채권,10045.0,-4.6,4.105,9985.1,5.827,10045.0,4.105,9985.1,5.827,12140000,12122510,2026-08-10,2026-12-17,129.0,0.3531827515400411,NORMAL,1년 이하,CALCULATED,0.351076536885196,0.337953791173913,True,False,2026-08-07,3.746,3.964,4.208,4.448,2.75,0.4620000000000002,0.7020000000000004,0.996,3,2026-07-01,119.77,1,3.803,2025-06-17,A0
2026-08-10,B214342EA,KR6214342EA0,한국투자캐피탈114-2,일반채권,10055.0,0.0,4.121,10055.0,4.121,10055.0,4.121,10055.0,4.121,1420000,1427810,2026-08-10,2026-10-02,53.0,0.1451060917180013,NORMAL,1년 이하,CALCULATED,0.1452054794520547,0.1397550331588593,True,False,2026-08-07,3.746,3.964,4.208,4.448,2.75,0.4620000000000002,0.7020000000000004,0.996,3,2026-07-01,119.77,1,4.671,2024-10-04,A0
2026-08-10,B214342G3,KR6214342G35,한국투자캐피탈134-2,일반채권,10100.0,135.0,4.294,9500.0,8.326,10100.0,4.294,9500.0,8.326,13990000,13994558,2026-08-10,2028-03-16,584.0,1.5989048596851472,NORMAL,1~3년,CALCULATED,1.5419946045185335,1.4664992244441488,True,False,2026-08-07,3.746,3.964,4.208,4.448,2.75,0.4620000000000002,0.7020000000000004,0.996,3,2026-07-01,119.77,1,4.53,2026-03-19,A0
2026-08-10,B214343F4,KR6214343F43,한국투자캐피탈126-3,일반채권,10029.2,29.2,4.384,10010.0,4.69,10029.2,4.384,10010.0,4.69,33570000,33652956,2026-08-10,2027-04-02,235.0,0.6433949349760438,NORMAL,1년 이하,CALCULATED,0.63613238447806,0.6070718547892963,True,False,2026-08-07,3.746,3.964,4.208,4.448,2.75,0.4620000000000002,0.7020000000000004,0.996,3,2026-07-01,119.77,1,4.184,2025-04-04,A0
2026-08-10,B214343G3,KR6214343G34,한국투자캐피탈134-3,일반채권,10030.0,50.0,4.749,10030.0,4.749,10030.0,4.749,10030.0,4.749,2390000,2397170,2026-08-10,2028-03-17,585.0,1.6016427104722792,NORMAL,1~3년,CALCULATED,1.5447906992032938,1.4705429839439632,True,False,2026-08-07,3.746,3.964,4.208,4.448,2.75,0.4620000000000002,0.7020000000000004,0.996,3,2026-07-01,119.77,1,4.53,2026-03-19,A0
2026-08-10,B214344F6,KR6214344F67,한국투자캐피탈128-2,일반채권,10040.0,2.0,4.061,10040.0,4.061,10040.0,4.061,10040.0,4.061,4410000,4427640,2026-08-10,2026-11-24,106.0,0.2902121834360027,NORMAL,1년 이하,CALCULATED,0.288049507627522,0.276925413756907,True,False,2026-08-07,3.746,3.964,4.208,4.448,2.75,0.4620000000000002,0.7020000000000004,0.996,3,2026-07-01,119.77,1,3.781,2025-06-24,A0
2026-08-10,B214348E4,KR6214348E49,한국투자캐피탈111-3,일반채권,10134.0,3.0,4.439,10134.9,4.425,10134.9,4.425,10134.0,4.439,22930000,23239037,2026-08-10,2027-04-12,245.0,0.6707734428473648,NORMAL,1년 이하,CALCULATED,0.6607153368143922,0.6326933484131728,True,False,2026-08-07,3.746,3.964,4.208,4.448,2.75,0.4620000000000002,0.7020000000000004,0.996,3,2026-07-01,119.77,1,5.788,2024-04-12,A0
2026-08-10,B290291F8,KR6290291F86,신한자산신탁1,일반채권,10050.0,0.0,5.079,10050.0,5.079,10050.0,5.079,10050.0,5.079,2310000,2321550,2026-08-10,2027-07-30,354.0,0.969199178644764,NORMAL,1년 이하,CALCULATED,0.9499609392783542,0.9044146190623732,True,False,2026-08-07,3.746,3.964,4.208,4.448,2.75,0.4620000000000002,0.7020000000000004,0.996,3,2026-07-01,119.77,1,5.47,2025-08-01,A-
2026-08-10,B310101F4,KR6310101F41,키움캐피탈214,일반채권,10040.0,3.3,3.716,10035.0,4.026,10040.0,3.716,10035.0,4.026,7370000,7395800,2026-08-10,2026-10-08,59.0,0.1615331964407939,NORMAL,1년 이하,CALCULATED,0.1616438356164383,0.1558298248512386,True,False,2026-08-07,3.746,3.964,4.208,4.448,2.75,0.4620000000000002,0.7020000000000004,0.996,3,2026-07-01,119.77,1,4.114,2025-04-11,A0
2026-08-10,B310102FC,KR6310102FC4,키움캐피탈229-2,일반채권,10060.0,10.0,4.185,10060.0,4.185,10060.0,4.185,10060.0,4.185,65940000,66335640,2026-08-10,2027-11-23,470.0,1.2867898699520877,NORMAL,1~3년,CALCULATED,1.2489543248899702,1.198175641215267,True,False,2026-08-07,3.746,3.964,4.208,4.448,2.75,0.4620000000000002,0.7020000000000004,0.996,3,2026-07-01,119.77,1,4.227,2025-12-23,A0
2026-08-10,B331593E2,KR6331593E27,에이치디현대케미칼6-3,일반채권,9998.0,-0.5,4.961,9500.0,7.162,9998.0,4.961,9500.0,7.162,2280000,2266098,2026-08-10,2029-02-07,912.0,2.4969199178644765,NORMAL,1~3년,CALCULATED,2.3654879289132307,2.2540907633866616,True,False,2026-08-07,3.746,3.964,4.208,4.448,2.75,0.4620000000000002,0.7020000000000004,0.996,3,2026-07-01,119.77,1,4.936,2024-02-07,A0
2026-08-10,B336262F3,KR6336262F33,두산퓨얼셀10-2,일반채권,10042.0,-22.0,5.372,10042.0,5.372,10042.0,5.372,10041.5,5.376,498230000,500321066,2026-08-10,2028-03-07,575.0,1.5742642026009583,NORMAL,1~3년,CALCULATED,1.5109984701332697,1.436351293414517,True,False,2026-08-07,3.746,3.964,4.208,4.448,2.75,0.4620000000000002,0.7020000000000004,0.996,3,2026-07-01,119.77,1,5.068,2025-03-07,BBB0
2026-08-10,L0355P269,KRC0355P2694,국고채원금03290-2609(21-7),KTS,9976.9,1.0,2.817,9976.1,2.914,9976.9,2.817,9976.1,2.914,141000000000,140672730000,2026-08-10,2026-09-10,31.0,0.0848733744010951,NORMAL,1년 이하,CALCULATED,0.0848733744010951,0.0825263256982372,,,2026-08-07,3.746,3.964,4.208,4.448,2.75,0.4620000000000002,0.7020000000000004,0.996,3,2026-07-01,119.77,1,3.29,2024-12-27,
2026-08-10,L035FP273,KRC035FP2732,국고채원금03260-2703(07-3),KTS,9808.0,0.2,3.386,9808.4,3.379,9808.4,3.379,9808.0,3.386,6000000000,5884920000,2026-08-10,2027-03-10,212.0,0.5804243668720055,NORMAL,1년 이하,CALCULATED,0.5804243668720055,0.5614854622309553,,,2026-08-07,3.746,3.964,4.208,4.448,2.75,0.4620000000000002,0.7020000000000004,0.996,3,2026-07-01,119.77,1,3.26,2007-04-17,
