basDt,srtnCd,isinCd,itmsNm,mrktCtg,xpYrCnt,itmsCtg,clprPrc,clprVs,clprBnfRt,mkpPrc,mkpBnfRt,hiprPrc,hiprBnfRt,loprPrc,loprBnfRt,trqu,trPrc
20260807,C01501DC3,KR101501DC30,국민주택1종22-03,일반채권, , ,10284,0,3.398,10284,3.398,10284,3.398,10284,3.398,24700000,25401480
20260807,C01501DC6,KR101501DC63,국민주택1종22-06,일반채권, , ,10192.8,0,3.473,10192.8,3.473,10192.8,3.473,10192.8,3.473,50060000,51025156
20260807,C01501DC8,KR101501DC89,국민주택1종22-08,일반채권, , ,10140,0,3.416,10140,3.416,10140,3.416,10140,3.416,630000,638820
20260807,C01501DCA,KR101501DCA3,국민주택1종22-10,일반채권, , ,10079,4.7,3.446,10079,3.446,10079,3.446,10079,3.446,930000,937347
20260807,C01501DD1,KR101501DD13,국민주택1종23-01,일반채권, , ,10070,5,3.941,10070,3.941,10070,3.941,10070,3.941,10000000,10070000
20260807,C01501DD3,KR101501DD39,국민주택1종23-03,일반채권, , ,9974.1,-85.9,4.151,9974.1,4.151,9974.1,4.151,9974.1,4.151,2210000,2204276
20260807,C01501DD7,KR101501DD70,국민주택1종23-07,일반채권, , ,9870,0,3.997,9870,3.997,9870,3.997,9870,3.997,2100000,2072700
20260807,C01501DD8,KR101501DD88,국민주택1종23-08,일반채권, , ,9931,0,3.519,9911.5,3.618,9931,3.519,9911.5,3.618,3310000,3280726
20260807,C01501DDA,KR101501DDA1,국민주택1종23-10,일반채권, , ,9825,28,3.745,9825,3.745,9825,3.745,9825,3.745,100000000,98250000
20260807,C01501DDC,KR101501DDC7,국민주택1종23-12,일반채권, , ,9762.5,0,3.753,9762.5,3.753,9762.5,3.753,9762.5,3.753,21190000,20686737
20260807,C01501DE1,KR101501DE12,국민주택1종24-01,일반채권, , ,9700,0,3.89,9700,3.89,9700,3.89,9700,3.89,10000000,9700000
20260807,C01501DE3,KR101501DE38,국민주택1종24-03,일반채권, , ,9667.5,-8.5,3.781,9667.5,3.781,9667.5,3.781,9667.5,3.781,630000,609052
20260807,C01501DE5,KR101501DE53,국민주택1종24-05,일반채권, , ,9583,0,3.878,9583,3.878,9583,3.878,9583,3.878,1650000,1581195
20260807,C01501DE6,KR101501DE61,국민주택1종24-06,일반채권, , ,9552,-3,3.883,9555,3.872,9555,3.872,9552,3.883,50000000,47760075
20260807,C01501DE7,KR101501DE79,국민주택1종24-07,일반채권, , ,9522,-17,3.882,9522,3.882,9522,3.882,9522,3.882,50530000,48114666
20260807,C01501DF7,KR101501DF78,국민주택1종25-07,일반채권, , ,9000.5,-15.5,3.971,9010,3.943,9010,3.943,9000.5,3.971,2710000,2439145
20260807,C01501DFC,KR101501DFC2,국민주택1종25-12,일반채권, , ,8900,0,3.847,8900,3.847,8900,3.847,8900,3.847,5000000,4450000
20260807,C01501DG1,KR101501DG10,국민주택1종26-01,일반채권, , ,8796,27,4.044,8796,4.044,8796,4.044,8796,4.044,16950000,14909220
20260807,C01501DG2,KR101501DG28,국민주택1종26-02,일반채권, , ,8750,30,4.094,8700,4.225,8750,4.094,8700,4.225,2190000,1913100
20260807,C01501DG3,KR101501DG36,국민주택1종26-03,일반채권, , ,8730,0,4.07,8710,4.121,8730,4.07,8710,4.121,48010000,41820710
20260807,C01501DG4,KR101501DG44,국민주택1종26-04,일반채권, , ,8650,35,4.201,8650,4.201,8650,4.201,8650,4.201,35000000,30275000
20260807,C01501DG5,KR101501DG51,국민주택1종26-05,일반채권, , ,8639,0,4.153,8642,4.146,8642,4.146,8638,4.156,345640000,298564123
20260807,C01501DG6,KR101501DG69,국민주택1종26-06,일반채권, , ,8591.5,1,4.201,8591.5,4.201,8591.5,4.201,8591.5,4.201,4900000,4209835
20260807,C01501DG7,KR101501DG77,국민주택1종26-07,소액채권, , ,8570,-16,4.181,8587,4.14,8587,4.14,8570,4.181,10923354000,9374050591
20260807,C01501DG8,KR101501DG85,국민주택1종26-08,소액채권, , ,8540,-13,4.181,8554,4.147,8556,4.143,8540,4.181,107509651000,91906462642
20260807,C0350172C,KR10350172C8,국고03000-4212(12-5),일반채권, , ,8400,0,4.426,8400,4.426,8400,4.426,8400,4.426,220000,184800
20260807,C03501GC9,KR103501GC90,국고03125-2709(22-8),일반채권, , ,10081.6,-10.8,3.551,10084.4,3.525,10093.4,3.44,10081.6,3.551,1103850000,1113121393
20260807,C03501GE9,KR103501GE98,국고03000-2909(24-7),일반채권, , ,9898,-2,3.773,9898,3.773,9898,3.773,9898,3.773,1000000,989800
20260807,C03501GF6,KR103501GF63,국고02250-2806(25-4),일반채권, , ,9808.7,0,3.53,9808.7,3.53,9808.7,3.53,9808.7,3.53,10000,9808
20260807,C03501GF9,KR103501GF97,국고02250-2709(25-6),일반채권, , ,9962.1,0,3.465,9960,3.485,9962.1,3.465,9960,3.485,1200000,1195242
20260807,C03501GG3,KR103501GG39,국고03500-5603(26-2),KTS,30,지표,8487,-4,4.521,8485,4.523,8494,4.517,8481,4.526,681000000000,578019500000
20260807,C03501GG6,KR103501GG62,국고03500-2906(26-5),KTS,3,지표,9992.5,2.5,3.744,9990,3.753,9997,3.727,9986,3.768,1169000000000,1167837450000
20260807,C0350270C,KR10350270C0,국고04750-3012(10-7),일반채권, , ,11025,-63,2.43,11025,2.43,11025,2.43,11025,2.43,2510000,2767275
20260807,C035027WC,KR1035027WC3,국고05500-2912(09-5),일반채권, , ,10587,0,3.887,10530,4.065,10587,3.887,10530,4.065,1500000,1582850
20260807,C03502G69,KR103502G693,국고01500-3609(16-6),일반채권, , ,7820,-10,4.254,7820,4.254,7820,4.254,7820,4.254,20000,15640
20260807,C03502G6C,KR103502G6C4,국고01500-2612(16-8),일반채권, , ,9966,1,3.202,9965,3.232,9966,3.202,9965,3.232,115650000,115255225
20260807,C03502G76,KR103502G768,국고02125-2706(17-3),일반채권, , ,9929.7,-1.3,3.382,9930.3,3.375,9930.3,3.375,9929.7,3.382,5420000,5381922
20260807,C03502G99,KR103502G990,국고01125-3909(19-6),일반채권, , ,6879,-21,4.316,6850,4.352,6900,4.29,6850,4.352,3929570000,2702059594
20260807,C03502G9C,KR103502G9C8,국고01375-2912(19-8),일반채권, , ,9267,14,3.8,9244.5,3.875,9267,3.8,9244,3.877,348870000,322944324
20260807,C03502GA3,KR103502GA34,국고01500-5003(20-2),일반채권, , ,5692,-10,4.534,5702,4.524,5702,4.524,5685,4.541,2031380000,1156110383
20260807,C03502GA6,KR103502GA67,국고01375-3006(20-4),일반채권, , ,9123,-12,3.916,9122,3.919,9123,3.916,9122,3.919,304780000,278046833
20260807,C03502GA9,KR103502GA91,국고01500-4009(20-7),일반채권, , ,7070,-2,4.363,7072,4.361,7085,4.346,7070,4.363,598910000,423733107
20260807,C03502GAC,KR103502GAC2,국고01500-3012(20-9),일반채권, , ,9066.5,-15.5,3.917,9071,3.905,9071,3.905,9066,3.919,46870000,42504337
20260807,C03502GB3,KR103502GB33,국고01875-5103(21-2),일반채권, , ,6120,-35,4.569,6120,4.569,6120,4.569,6120,4.569,137060000,83880720
20260807,C03502GB6,KR103502GB66,국고02000-3106(21-5),일반채권, , ,9175.5,0,3.959,9168.5,3.976,9175.5,3.959,9168.5,3.976,6530000,5990831
20260807,C03502GBC,KR103502GBC0,국고02375-3112(21-11),일반채권, , ,9210,0,4.115,9210.5,4.114,9210.5,4.114,9210,4.115,730000,672361
20260807,C03502GC9,KR103502GC99,국고03125-5209(22-9),일반채권, , ,8009,-3,4.514,8009,4.514,8009,4.514,8009,4.514,62430000,50000187
20260807,C03502GCC,KR103502GCC8,국고04250-3212(22-14),일반채권, , ,10117,-73.5,4.158,10164,4.073,10164,4.073,10117,4.158,50030000,50850351
20260807,C03502GD3,KR103502GD31,국고03250-5303(23-2),일반채권, , ,8145,-12,4.545,8003,4.653,8179,4.519,8003,4.653,198570000,161327732
20260807,C03502GD6,KR103502GD64,국고03250-3306(23-5),일반채권, , ,9495,-81,4.192,9495,4.192,9495,4.192,9495,4.192,100000,94950
20260807,C03502GD9,KR103502GD98,국고03625-5309(23-7),일반채권, , ,8710,-20,4.553,8680,4.575,8765,4.514,8680,4.575,143540000,124943091
20260807,C03502GDC,KR103502GDC6,국고04125-3312(23-11),일반채권, , ,10056.5,-31,4.137,10065.5,4.123,10065.5,4.123,10056.5,4.137,348540000,350813937
20260807,C03502GE3,KR103502GE30,국고03250-5403(24-2),일반채권, , ,8096,-23,4.553,8080,4.565,8110,4.542,8080,4.565,141290000,114287936
20260807,C03502GE6,KR103502GE63,국고03500-3406(24-5),일반채권, , ,9628,0,4.142,9626,4.145,9628,4.142,9626,4.145,1020000,982052
20260807,C03502GE9,KR103502GE97,국고02750-5409(24-8),일반채권, , ,7288,-16,4.538,7288,4.538,7288,4.538,7288,4.538,20000,14576
20260807,C03502GF3,KR103502GF39,국고02625-5503(25-2),일반채권, , ,7058,-18,4.539,7035,4.557,7066,4.532,7035,4.557,666880000,470791130
20260807,C03502GF6,KR103502GF62,국고02625-3506(25-5),일반채권, , ,8874.5,0,4.219,8887.5,4.2,8888,4.199,8874.5,4.219,100490000,89182754
20260807,C03502GG3,KR103502GG38,국고03000-2803(26-1),KTS,2,지표,10037,6,3.571,10035,3.584,10039,3.558,10033,3.598,234000000000,234834700000
20260807,C03502GG6,KR103502GG61,물가01125-3606(26-4),KTS,10,지표,9539,-49,1.655,9568,1.622,9569,1.621,9519,1.678,90000000000,85888100000
20260807,C03503G86,KR103503G865,물가01750-2806(18-5),일반채권, , ,10400,0,-.265,10400,-.265,10400,-.265,10400,-.265,50000,52000
20260807,C03503GB9,KR103503GB99,국고01875-4109(21-9),일반채권, , ,7280,0,4.436,7274,4.442,7280,4.436,7266,4.451,72610000,52824228
20260807,C03503GE9,KR103503GE96,국고02875-2609(24-9),일반채권, , ,10115.6,.8,3.012,10115.6,3.012,10115.6,3.012,10115.6,3.012,108980000,110239807
20260807,C03503GF9,KR103503GF95,국고02500-3009(25-8),일반채권, , ,9560,0,3.945,9560,3.945,9560,3.945,9560,3.945,10000,9560
20260807,C03503GG3,KR103503GG37,국고03375-3103(26-3),KTS,5,지표,9895.5,1,3.963,9895.5,3.963,9901.5,3.948,9885.5,3.987,1122000000000,1110043100000
20260807,C03503GG6,KR103503GG60,국고04250-3606(26-6),KTS,10,지표,10106,-5,4.204,10101,4.21,10116,4.192,10089,4.225,462000000000,466647900000
20260807,C03504GC9,KR103504GC97,국고03250-4209(22-11),일반채권, , ,8730,-32,4.482,8730,4.482,8730,4.482,8730,4.482,2560000,2234880
20260807,C03504GD9,KR103504GD96,국고03875-4309(23-9),일반채권, , ,9472,47,4.451,9400,4.515,9472,4.451,9400,4.515,7010000,6599158
20260807,C03504GF9,KR103504GF94,국고02750-4509(25-9),KTS,20,지표,7894,-11,4.494,7891,4.497,7906,4.483,7880,4.507,124000000000,97860800000
20260807,C03505GC9,KR103505GC96,국고03500-7209(22-12),KTS,50,경과,8375,0,4.399,8375,4.399,8375,4.399,8375,4.399,14000000000,11725000000
20260807,D00102499,KR2001024992,서울도시철도19-09,일반채권, , ,10847.9,0,2.623,10847.9,2.623,10847.9,2.623,10847.9,2.623,10000,10847
20260807,D0010249C,KR20010249C5,서울도시철도19-12,일반채권, , ,10560,0,3.551,10550,3.791,10560,3.551,10550,3.791,19060000,20117830
20260807,D001024E6,KR2001024E60,서울도시철도24-06,일반채권, , ,9690,0,4.129,9690,4.129,9690,4.129,9690,4.129,3660000,3546540
20260807,D001024F2,KR2001024F28,서울도시철도25-02,일반채권, , ,9310,0,4.371,9350,4.291,9350,4.291,9310,4.371,28990000,27037530
20260807,D001024FB,KR2001024FB5,서울도시철도25-11,일반채권, , ,7962.5,0,5.9,7962.5,5.9,7962.5,5.9,7962.5,5.9,58700000,46739873
20260807,D001024G7,KR2001024G76,서울도시철도26-07,소액채권, , ,8505,-19,4.338,8519,4.313,8519,4.313,8503,4.341,2961892000,2522306999
20260807,D001024G8,KR2001024G84,서울도시철도26-08,소액채권, , ,8471,-19,4.343,8491,4.308,8491,4.308,8471,4.343,1983400000,1683100323
20260807,D001034A2,KR2001034A21,서울도시철도20-02,일반채권, , ,10522.8,0,3.167,10522.8,3.167,10522.8,3.167,10522.8,3.167,10000000,10522800
20260807,D002012CA,KR2002012CA8,강원지역개발22-10,일반채권, , ,10103,0,3.453,10103,3.453,10103,3.453,10103,3.453,300000000,303090000
20260807,D002022G7,KR2002022G76,강원지역개발26-07,소액채권, , ,8977,-15,4.24,8953,4.296,8977,4.24,8951,4.3,1027090000,920461868
20260807,D002022G8,KR2002022G84,강원지역개발26-08,소액채권, , ,8937,-15,4.258,8942,4.247,8942,4.247,8927.5,4.28,858114000,767137516
20260807,D003022G7,KR2003022G74,대전지역개발26-07,소액채권, , ,8977,-15,4.24,8953,4.296,8977,4.24,8953,4.296,298721000,267798520
20260807,D003022G8,KR2003022G82,대전지역개발26-08,소액채권, , ,8937,-15,4.258,8942,4.247,8942,4.247,8927.5,4.28,404919000,362009002
20260807,D004022G7,KR2004022G72,인천지역개발26-07,소액채권, , ,8977,-15,4.24,8953,4.296,8977,4.24,8950.5,4.302,1257430000,1126901315
20260807,D004022G8,KR2004022G80,인천지역개발26-08,소액채권, , ,8937,-15,4.258,8942,4.247,8942,4.247,8937,4.258,967772000,865236466
20260807,D006014C7,KR2006014C71,부산도시철도22-07,일반채권, , ,10190,0,3.461,10190,3.461,10190,3.461,10190,3.461,60000000,61140000
20260807,D006014G7,KR2006014G77,부산도시철도26-07,소액채권, , ,8993,1,4.202,8993,4.202,8993,4.202,8993,4.202,1188315000,1068651514
20260807,D006014G8,KR2006014G85,부산도시철도26-08,소액채권, , ,8937,-15,4.258,8953,4.221,8953,4.221,8937,4.258,281836000,252288852
20260807,D006022G7,KR2006022G77,부산지역개발26-07,소액채권, , ,8977,-15,4.24,8951,4.3,8977,4.24,8951,4.3,329033000,294842190
20260807,D006022G8,KR2006022G85,부산지역개발26-08,소액채권, , ,8937,-15,4.258,8942,4.247,8942,4.247,8927,4.281,399726000,357304510
20260807,D007022G7,KR2007022G75,대구지역개발26-07,소액채권, , ,8977,-15,4.24,8951,4.3,8977,4.24,8951,4.3,274931000,246340488
20260807,D007022G8,KR2007022G83,대구지역개발26-08,소액채권, , ,8937,-15,4.258,8942,4.247,8942,4.247,8928,4.279,405555000,362417005
20260807,D007024G7,KR2007024G73,대구도시철도26-07,소액채권, , ,8976,-16,4.242,8993,4.202,8993,4.202,8973,4.249,815701000,733344023
20260807,D007024G8,KR2007024G81,대구도시철도26-08,소액채권, , ,8937,-15,4.258,8953,4.221,8953,4.221,8937,4.258,122871000,109992075
20260807,D008012G7,KR2008012G75,울산지역개발26-07,소액채권, , ,8977,-15,4.24,8953,4.296,8977,4.24,8950.5,4.302,497299000,445696623
20260807,D008012G8,KR2008012G83,울산지역개발26-08,소액채권, , ,8937,-15,4.258,8942,4.247,8942,4.247,8927.5,4.28,599141000,535588173
20260807,D022012D1,KR2022012D12,충남지역개발23-01,일반채권, , ,10621.1,0,4.332,10621.1,4.332,10621.1,4.332,10621.1,4.332,610000,647887
20260807,D022022G7,KR2022022G74,충남지역개발26-07,소액채권, , ,8977,-15,4.24,8953,4.296,8977,4.24,8951,4.3,476866000,427355905
20260807,D022022G8,KR2022022G82,충남지역개발26-08,소액채권, , ,8937,-15,4.258,8942,4.247,8942,4.247,8927.5,4.28,1419788000,1269360390
20260807,D033022G7,KR2033022G71,충북지역개발26-07,소액채권, , ,8977,-15,4.24,8951,4.3,8977,4.24,8950.5,4.302,602572000,539885046
20260807,D033022G8,KR2033022G89,충북지역개발26-08,소액채권, , ,8937,-15,4.258,8942,4.247,8942,4.247,8927.5,4.28,1357028000,1213074477
20260807,D044022C8,KR2044022C80,경기지역개발22-08,일반채권, , ,10076,0,4.272,10076,4.272,10076,4.272,10076,4.272,20060000,20212456
20260807,D044022G7,KR2044022G78,경기지역개발26-07,소액채권, , ,8977,-15,4.24,8954,4.293,8977,4.24,8954,4.293,478321000,428502055
20260807,D044022G8,KR2044022G86,경기지역개발26-08,소액채권, , ,8937,-15,4.258,8942,4.247,8942,4.247,8930,4.274,3170027000,2833858365
20260807,D055012C9,KR2055012C96,전북지역개발22-09,일반채권, , ,9873,0,5.806,9873,5.806,9873,5.806,9873,5.806,40000,39492
20260807,D055022C3,KR2055022C37,전북지역개발22-03,일반채권, , ,10265.8,0,4.07,10265.8,4.07,10265.8,4.07,10265.8,4.07,50530000,51873087
20260807,D055022C4,KR2055022C45,전북지역개발22-04,일반채권, , ,10227.6,0,4.137,10227.6,4.137,10227.6,4.137,10227.6,4.137,10960000,11209449
20260807,D055022G7,KR2055022G74,전북지역개발26-07,소액채권, , ,8977,-15,4.24,8953,4.296,8977,4.24,8950.5,4.302,651568000,583848179
20260807,D055022G8,KR2055022G82,전북지역개발26-08,소액채권, , ,8937,-15,4.258,8942,4.247,8942,4.247,8928.5,4.278,730704000,653281360
20260807,D066022C5,KR2066022C59,전남지역개발22-05,일반채권, , ,10257.2,0,3.34,10257.2,3.34,10257.2,3.34,10257.2,3.34,500000,512860
20260807,D077022G7,KR2077022G78,경북지역개발26-07,소액채권, , ,8977,-15,4.24,8953,4.296,8977,4.24,8922.5,4.367,735345000,658651596
20260807,D077022G8,KR2077022G86,경북지역개발26-08,소액채권, , ,8937,-15,4.258,8942,4.247,8942,4.247,8927.5,4.28,1611428000,1440379622
20260807,D088022G7,KR2088022G75,경남지역개발26-07,소액채권, , ,8977,-15,4.24,8951,4.3,8977,4.24,8951,4.3,223263000,199961799
20260807,D088022G8,KR2088022G83,경남지역개발26-08,소액채권, , ,8937,-15,4.258,8942,4.247,8942,4.247,8937,4.258,289029000,258424680
20260807,D099032G7,KR2099032G70,제주지역개발26-07,소액채권, , ,8977,-15,4.24,8954,4.293,8977,4.24,8954,4.293,183085000,164029593
20260807,D099032G8,KR2099032G88,제주지역개발26-08,소액채권, , ,8937,-15,4.258,8942,4.247,8942,4.247,8937,4.258,138811000,124118106
20260807,D100012G7,KR2100012G70,창원지역개발26-07,소액채권, , ,8970,-22,4.256,8970,4.256,8970,4.256,8970,4.256,52820000,47379540
20260807,D100012G8,KR2100012G88,창원지역개발26-08,소액채권, , ,8937,-15,4.258,8942,4.247,8942,4.247,8937,4.258,11728000,10484572
20260807,D101012G7,KR2101012G78,세종지역개발26-07,소액채권, , ,8977,-15,4.24,8951,4.3,8977,4.24,8951,4.3,160057000,143292845
20260807,D101012G8,KR2101012G86,세종지역개발26-08,소액채권, , ,8937,-15,4.258,8942,4.247,8942,4.247,8937,4.258,135180000,120867443
20260807,D106012G7,KR2106012G77,전남광주지역개발26-07,소액채권, , ,8977,-15,4.24,8953,4.296,8977,4.24,8950.5,4.302,691240000,619370182
20260807,D106012G8,KR2106012G85,전남광주지역개발26-08,소액채권, , ,8937,-15,4.258,8942,4.247,8942,4.247,8927,4.281,1601429000,1431598877
20260807,E10502GC8,KR310502GC82,기업은행 조건부(상)2208이(신)영B-12(사),일반채권, , ,10053,-1,4.615,10053,4.615,10053,4.615,10053,4.615,11640000,11701692
20260807,E10506AFB,KR310506AFB6,기업은행(단)2511할304A-17,일반채권, , ,9961.6,0,3.431,9959,3.665,9961.6,3.431,9959,3.665,44250000,44074851
20260807,E50101GB9,KR350101GB92,한국전력1067,일반채권, , ,10073,0,3.233,10073,3.233,10073,3.233,10073,3.233,1100000,1108030
20260807,E50103G9B,KR350103G9B0,한국전력1004,일반채권, , ,10018.9,0,2.752,10018.9,2.752,10018.9,2.752,10018.9,2.752,20000,20036
20260807,E50103GA1,KR350103GA18,한국전력1016,일반채권, , ,9958,0,3.115,9958,3.115,9958,3.115,9958,3.115,20000,19916
20260807,E50103GBB,KR350103GBB9,한국전력1085(지),일반채권, , ,10035.6,0,3.741,10040.5,3.537,10042,3.475,10035,3.766,66050000,66288093
20260807,E50104GA2,KR350104GA25,한국전력1021,일반채권, , ,9981.5,31.5,3.115,9965,3.422,9981.5,3.115,9965,3.422,22320000,22241912
20260807,E50105GEA,KR350105GEA0,한국전력1428,일반채권, , ,10110,.8,2.699,10110,2.699,10110,2.699,10110,2.699,60000,60660
20260807,E50107GB9,KR350107GB96,한국전력1073,일반채권, , ,10055.7,0,3.679,10055.7,3.679,10055.7,3.679,10055.7,3.679,19940000,20051065
20260807,E50201GAB,KR350201GAB3,서울교통공사2020-4,일반채권, , ,9776.8,-.3,3.472,9744.2,3.746,9776.8,3.472,9744.2,3.746,100760000,98185035
20260807,E54404GB9,KR354404GB98,주택금융공사MBS2021-20(1-4)(사),일반채권, , ,10000,0,6.392,10000,6.392,10000,6.392,10000,6.392,300000,300000
20260807,E56101DE4,KR356101DE40,토지주택채권(용지)24-04,일반채권, , ,10610,0,4.306,10610,4.306,10610,4.306,10610,4.306,250000,265250
20260807,E56101DFB,KR356101DFB5,토지주택채권(용지)25-11,일반채권, , ,9710,0,4.19,9710,4.19,9710,4.19,9710,4.19,1000000,971000
20260807,E56101DG8,KR356101DG89,토지주택채권(용지)26-08,일반채권, , ,9400,0,4.69,9400,4.69,9400,4.69,9400,4.69,3000000,2820000
20260807,E56102724,KR3561027243,토지주택채권125,일반채권, , ,10000,0,4.419,10000,4.419,10000,4.419,10000,4.419,100000,100000
20260807,E56112722,KR3561127225,토지주택채권112,일반채권, , ,9960,-40,4.469,9910,4.572,9960,4.469,9910,4.572,520000,517820
20260807,E56801G6A,KR356801G6A0,울산항만공사3,일반채권, , ,10020,5,3.433,10020,3.433,10020,3.433,10020,3.433,10000000,10020000
20260807,E80601GE3,KR380601GE34,수산금융채권(은행)24-03이영구(신종)-14,일반채권, , ,9977,-3,4.946,9900,4.985,9980,4.945,9900,4.985,43410000,43299060
20260807,E80801AG3,KR380801AG36,한국수출입금융2603바-할인-184,일반채권, , ,9965.6,2.1,3.073,9965.6,3.073,9965.6,3.073,9965.6,3.073,98270000,97931950
20260807,E80807GE8,KR380807GE85,한국수출입금융2408자-이표-2,일반채권, , ,10069.5,1.2,2.74,10069.5,2.74,10069.5,2.74,10069.5,2.74,10000,10069
20260807,E81001G9A,KR381001G9A0,농금(은행)조건부(상)2019-10이10Y-갑(후),일반채권, , ,9600,0,3.501,9600,3.501,9600,3.501,9600,3.501,20000,19200
20260807,E81001GD7,KR381001GD70,농업금융채권(은행)2023-07이-A(신종),일반채권, , ,10015,0,5.317,10015,5.317,10015,5.317,10015,5.317,9880000,9894820
20260807,E81002GC4,KR381002GC47,농업금융채권(은행)2022-04이-A(신종),일반채권, , ,10000,0,4.311,10000,4.311,10000,4.311,10000,4.311,20000,20000
20260807,E81003GD8,KR381003GD86,농업금융채권(은행)2023-08이3Y-C,일반채권, , ,10090,-9,45.589,11644.5,-4873.167,13090,-8398.777,7090,15636.107,499100000,548867900
20260807,B000011D3,KR6000011D31,신한은행27-03-이-영구5갑(신),일반채권, , ,9990,-10,4.634,9990,4.634,9990,4.634,9990,4.634,2080000,2077920
20260807,B000011E4,KR6000011E48,신한은행28-04-이-영구5갑(신),일반채권, , ,9957,0,4.21,9957,4.21,9957,4.21,9957,4.21,20000,19914
20260807,B000012C5,KR6000012C56,신한은행26-05-이-영구5갑(신),일반채권, , ,10000,0,4.502,10000,4.502,10000,4.502,10000,4.502,10000,10000
20260807,B000014CA,KR6000014CA7,신한은행26-10-이-영구5갑(신),일반채권, , ,10300,0,5.551,10300,5.551,10300,5.551,10300,5.551,15000000,15450000
20260807,B000014F4,KR6000014F44,신한은행29-04-이-1.5-A,일반채권, , ,9985,0,3.769,9990,3.528,9990.5,3.504,9985,3.769,20970000,20940393
20260807,B000017F4,KR6000017F41,신한은행29-04-이-영구5갑(신),일반채권, , ,9350,0,3.692,9350,3.692,9350,3.692,9350,3.692,20000,18700
20260807,B00001AFA,KR600001AFA9,신한은행29-10-할-12M-D,일반채권, , ,9920.1,-2.9,3.499,9922,3.415,9922,3.415,9920.1,3.499,524870000,520686239
20260807,B000153E3,KR6000153E38,두산310-2,일반채권, , ,10125,0,3.913,10125,3.913,10125,3.913,10125,3.913,650000,658125
20260807,B000153F1,KR6000153F11,두산312-2,일반채권, , ,10055,0,3.915,10055,3.915,10055,3.915,10055,3.915,150000,150825
20260807,B000371C3,KR6000371C36,한화손해보험12(후),일반채권, , ,10050,0,4.963,10050,4.963,10051,4.961,10050,4.963,40000000,40200500
20260807,B000371C9,KR6000371C93,한화손해보험신종자본증권 14,일반채권, , ,10120,-11,6.458,10101,6.473,10235,6.368,10100,6.474,110180000,111369159
20260807,B000371E8,KR6000371E83,한화손해보험15(후),일반채권, , ,9891,0,5.083,9891,5.083,9891,5.083,9891,5.083,100000,98910
20260807,B000401A5,KR6000401A57,롯데손해보험8(후),일반채권, , ,8945,-124,9.454,8901.5,9.603,8945,9.454,8900,9.608,12750000,11363850
20260807,B000401BC,KR6000401BC4,롯데손해보험신종자본증권 3,일반채권, , ,7950,-50,8.944,8249,8.592,8249,8.592,7950,8.944,59870000,47625892
20260807,B000401C9,KR6000401C97,롯데손해보험9(후),일반채권, , ,9170,-128.5,8.683,9160,8.706,9170,8.683,9160,8.706,2660000,2436700
20260807,B000401D7,KR6000401D70,롯데손해보험11(후),일반채권, , ,9387,-6,8.701,9350,8.775,9387,8.701,9350,8.775,950000,890655
20260807,B000401DC,KR6000401DC0,롯데손해보험13(후),일반채권, , ,9200,-90,8.785,9118.5,8.945,9200,8.785,9118.5,8.945,1210000,1105050
20260807,B000401E6,KR6000401E61,롯데손해보험15(후),일반채권, , ,8850.5,-89.5,8.978,8850.5,8.978,8939,8.808,8850.5,8.978,2000000,1770188
20260807,B000401EB,KR6000401EB0,롯데손해보험17(후),일반채권, , ,8799.5,-89,8.283,8700,8.465,8799.5,8.283,8700,8.465,12010000,10567201
20260807,B000541C5,KR6000541C56,흥국화재신종자본증권3,일반채권, , ,9825,-120,6.741,9850,6.72,9850,6.72,9806,6.757,16420000,16157566
20260807,B000541E9,KR6000541E96,흥국화재22(후),일반채권, , ,9395,20,7.322,9315,7.459,9395,7.322,9315,7.459,11230000,10460825
20260807,B000541F3,KR6000541F38,흥국화재신종자본증권5,일반채권, , ,9000,1,6.971,9050,6.927,9050,6.927,8861,7.096,4040000,3635469
20260807,B0007K1G2,KR60007K1G22,대신자산신탁6,일반채권, , ,10050,19.9,5.202,10050,5.202,10050,5.202,10050,5.202,32700000,32863500
20260807,B000821EA,KR6000821EA1,롯데건설149-1,일반채권, , ,10030,5,4.86,10024.5,5.125,10030,4.86,10024.5,5.125,59560000,59715893
20260807,B000822EA,KR6000822EA9,롯데건설149-2,일반채권, , ,10019,-19,5.707,10019,5.707,10019,5.707,9983.5,6.011,11980000,11968912
20260807,B001792F4,KR6001792F40,대한제당127,일반채권, , ,9864.1,0,4.535,9864.1,4.535,9864.1,4.535,9864.1,4.535,100000,98641
20260807,B002322F1,KR6002322F13,한진122-2,일반채권, , ,10020,0,4.133,10019.9,4.134,10020,4.133,10019.9,4.134,1500000,1502999
20260807,B002322F5,KR6002322F54,한진123-2,일반채권, , ,10020,40,4.379,9980,4.612,10020,4.379,9980,4.612,15290000,15317800
20260807,B002322G1,KR6002322G12,한진126-2,일반채권, , ,9652,0,5.741,9652,5.741,9652,5.741,9652,5.741,350000,337820
20260807,B002551F3,KR6002551F31,케이비손해보험3(후),일반채권, , ,9565.5,-34.5,4.913,9550,4.936,9650,4.789,9550,4.936,1240000,1184714
20260807,B003342F2,KR6003342F25,SK에코플랜트182-2,일반채권, , ,10028,1,3.293,10028,3.293,10028,3.293,10028,3.293,16600000,16646480
20260807,B003342G2,KR6003342G24,SK에코플랜트185-1,일반채권, , ,9990,0,4.365,9990,4.365,9990,4.365,9990,4.365,40000,39960
20260807,B003343F2,KR6003343F24,SK에코플랜트182-3,일반채권, , ,10040,0,4.368,10040,4.368,10040,4.368,10040,4.368,10000,10040
20260807,B003343G7,KR6003343G72,SK에코플랜트186-3,일반채권, , ,10073,10,4.824,10073,4.824,10073,4.824,10070,4.839,157720000,158863360
20260807,B003412B9,KR6003412B99,쌍용씨앤이316-2,일반채권, , ,10006.1,-15.9,6.247,10000,6.812,10006.1,6.247,10000,6.812,600000,600305
20260807,B003492E2,KR6003492E24,대한항공106-2,일반채권, , ,10110,10,4.069,10110,4.069,10110,4.069,10110,4.069,65600000,66321600
20260807,B003492E6,KR6003492E65,대한항공107-2,일반채권, , ,10050,50.2,3.946,10050,3.946,10050,3.946,10050,3.946,10000000,10050000
20260807,B003492EA,KR6003492EA8,대한항공108-2,일반채권, , ,9800,-155,4.868,9700,5.212,9800,4.868,9700,5.212,3210000,3144800
20260807,B003492G6,KR6003492G63,대한항공118-2,일반채권, , ,10090,0,4.644,10090,4.644,10090,4.644,10090,4.644,55710000,56211390
20260807,B003493E2,KR6003493E23,대한항공106-3,일반채권, , ,10130,10,4.636,10130,4.636,10130,4.636,10130,4.636,20000000,20260000
20260807,B003493F9,KR6003493F97,대한항공112-3,일반채권, , ,9600,-50,4.551,9650,4.455,9650,4.455,9599.5,4.552,142010000,136331563
20260807,B003691D3,KR6003691D32,코리안리재보험신종자본증권 5,일반채권, , ,10071,0,5.472,10050,5.487,10119,5.438,10050,5.487,20430000,20668266
20260807,B0040529A,KR60040529A4,에이치디현대오일뱅크121-2,일반채권, , ,9993.2,0,2.916,9975,3.908,9993.2,2.916,9970,4.182,10330000,10302205
20260807,B005283F9,KR6005283F96,부산은행2025-09이1A-26,일반채권, , ,10013.9,0,3.737,10013.9,3.737,10013.9,3.737,10013.9,3.737,2000000,2002780
20260807,B005831G6,KR6005831G68,DB손보신종자본증권 4,일반채권, , ,10081,1,5.302,10081,5.302,10081,5.302,10081,5.302,20000,20162
20260807,B006221E2,KR6006221E25,제주은행 조건부(상)6(신종-영구-5콜)(사),일반채권, , ,10050,0,5.683,10050,5.683,10050,5.683,10050,5.683,9200000,9246000
20260807,B008272F6,KR6008272F69,산은캐피탈768-2,일반채권, , ,9872.1,0,4.016,9872.1,4.016,9872.1,4.016,9872.1,4.016,51020000,50367453
20260807,B009201F2,KR6009201F22,무림페이퍼106,일반채권, , ,9912.7,0,5.7,9912.7,5.7,9912.7,5.7,9912.7,5.7,50000,49563
20260807,B011331FB,KR6011331FB3,유니켐41,일반채권, , ,7400,250,20.37,7399,20.376,7400,20.37,7399,20.376,4830000,3573939
20260807,B011791G2,KR6011791G23,SKC146-1,일반채권, , ,9998,-1.9,4.268,9999.9,4.255,9999.9,4.255,9998,4.268,2020000,2019598
20260807,B023532E1,KR6023532E16,롯데쇼핑98-2,일반채권, , ,10020,0,4.335,10000,4.79,10020,4.335,10000,4.79,5220000,5226680
20260807,B023764E9,KR6023764E98,한국캐피탈535-4,일반채권, , ,10053,0,5.37,10053,5.37,10053,5.37,10053,5.37,100000,100530
20260807,B023764F2,KR6023764F22,한국캐피탈542-1,일반채권, , ,10080,0,7.329,10070,10.148,10080,7.329,10070,10.148,4960000,4998720
20260807,B023765F3,KR6023765F39,한국캐피탈544-1,일반채권, , ,10055.7,5.7,3.621,10055.7,3.621,10055.7,3.621,10040,4.868,30000,30150
20260807,B023766F4,KR6023766F46,한국캐피탈546-3,일반채권, , ,9977.6,17.6,4.514,9977.6,4.514,9977.6,4.514,9977.6,4.514,5640000,5627364
20260807,B02376AG7,KR602376AG79,한국캐피탈571-5,일반채권, , ,10011,2,5.244,10011,5.244,10011,5.244,10011,5.244,700000000,700770000
20260807,B023785F1,KR6023785F19,신한캐피탈507-5,일반채권, , ,9903.6,0,4.04,9903.6,4.04,9903.6,4.04,9903.6,4.04,2250000,2228310
20260807,B025102E3,KR6025102E37,포스코이앤씨63-2,일반채권, , ,10020.1,0,5.739,10020.1,5.739,10020.1,5.739,10020.1,5.739,27800000,27855878
20260807,B025901F3,KR6025901F39,동화기업23,일반채권, , ,9900,0,7.499,9901,7.481,10000,5.761,9900,7.499,215720000,213689100
20260807,B025901G6,KR6025901G61,동화기업25,일반채권, , ,9786,-28,8.304,9786,8.304,9786,8.304,9786,8.304,19820000,19395852
20260807,B029272D9,KR6029272D91,SK실트론49-2,일반채권, , ,10094.9,0,3.917,10095,3.904,10095,3.904,10094.9,3.917,2650000,2675165
20260807,B029692E5,KR6029692E50,롯데캐피탈461-2,일반채권, , ,10147.5,0,4.442,10147.5,4.442,10147.5,4.442,10147.5,4.442,700000,710325
20260807,B029693BB,KR6029693BB5,롯데캐피탈424-3,일반채권, , ,10000,0,5.198,10000,5.198,10000,5.198,10000,5.198,10000,10000
20260807,B02969DE4,KR602969DE48,롯데캐피탈460-4,일반채권, , ,10049.5,0,4.65,10044.9,4.715,10049.5,4.65,10044.9,4.715,35090000,35247863
20260807,B0302039A,KR60302039A7,KT192-3,일반채권, , ,9250,-48,4.195,9250,4.195,9250,4.195,9250,4.195,5000000,4625000
20260807,B030625E7,KR6030625E76,롯데카드신종자본증권 2,일반채권, , ,8791,190,6.662,8201,7.206,8791,6.662,8201,7.206,46470000,39956214
20260807,B030627E5,KR6030627E58,롯데카드신종자본증권 1,일반채권, , ,8871,212,6.939,8150,7.629,8905,6.908,8150,7.629,306760000,269514176
20260807,B031012F3,KR6031012F33,롯데물산15-2,일반채권, , ,9850,0,4.938,9850,4.938,9850,4.938,9850,4.938,4170000,4107450
20260807,B034021E9,KR6034021E94,두산에너빌리티79-1,일반채권, , ,10069,0,3.498,10066.8,3.728,10069,3.498,10066.7,3.739,24200000,24361616
20260807,B034022E9,KR6034022E93,두산에너빌리티79-2,일반채권, , ,10099.7,31.8,4.296,10098.9,4.304,10099.7,4.296,10098.9,4.304,13310000,13441926
20260807,B034222B9,KR6034222B94,엘지디스플레이43-2(녹),일반채권, , ,10034,0,3.455,10034,3.455,10034,3.455,10034,3.455,24120000,24202008
20260807,B034612G4,KR6034612G48,한화호텔앤드리조트50-2,일반채권, , ,9990,-40,4.666,9990,4.666,9990,4.666,9990,4.666,10350000,10339650
20260807,B034831E8,KR6034831E86,한국토지신탁45-1,일반채권, , ,10032,0,3.715,10032,3.715,10032,3.715,10032,3.715,20000,20064
20260807,B034832E2,KR6034832E28,한국토지신탁44-2,일반채권, , ,10154,-6,5.103,10154,5.103,10154,5.103,10154,5.103,1000000,1015400
20260807,B035651G2,KR6035651G21,이랜드월드107,일반채권, , ,9997.8,-.2,6.782,9986,7.024,9999,6.757,9920,8.388,165140000,164591083
20260807,B035651G4,KR6035651G47,이랜드월드108,일반채권, , ,9978.9,-16.1,6.978,9952,7.369,10005,6.6,9930,7.69,128600000,127887799
20260807,B035652F8,KR6035652F88,이랜드월드106-2,일반채권, , ,10030,13,6.548,10030,6.548,10030,6.548,10030,6.548,20000,20060
20260807,B039331F9,KR6039331F97,에스엘엘중앙21,일반채권, , ,9499,149,51.048,9350,63.955,9499.9,50.971,9350,63.955,107530000,101385881
20260807,B039331G1,KR6039331G13,에스엘엘중앙22,일반채권, , ,8400,-99.9,26.756,8600,24.2,8600,24.2,8400,26.756,40660000,34154600
20260807,B039331G4,KR6039331G47,에스엘엘중앙23,일반채권, , ,8200,80,21.174,8199,21.181,8200,21.174,8199,21.181,19050000,15620296
20260807,B042662EB,KR6042662EB7,한화오션8-2,일반채권, , ,10100,0,4.407,10130,3.415,10130,3.415,10100,4.407,28010000,28371220
20260807,B042662F2,KR6042662F25,한화오션10-2,일반채권, , ,10072,0,4.756,10072,4.756,10072,4.756,10072,4.756,1080000,1087776
20260807,B042662F7,KR6042662F74,한화오션11-2,일반채권, , ,9995,0,4.127,9995,4.127,9995,4.127,9990,4.154,3160000,3158210
20260807,B042662G2,KR6042662G24,한화오션12-2,일반채권, , ,9950,30,4.826,9950,4.826,9950,4.826,9950,4.826,14950000,14875250
20260807,B046291F9,KR6046291F90,엠지캐피탈387-1,일반채권, , ,10040,-1.3,3.927,10042.2,3.756,10042.2,3.756,10040,3.927,5090000,5110920
20260807,B046291FC,KR6046291FC6,엠지캐피탈392-1,일반채권, , ,10040,0,4.737,10040,4.737,10040,4.737,10040,4.737,10000,10040
20260807,B046292FC,KR6046292FC4,엠지캐피탈392-2,일반채권, , ,10031.6,0,3.998,10031.6,3.998,10031.6,3.998,10031.6,3.998,30000,30094
20260807,B046293F2,KR6046293F23,엠지캐피탈377-3,일반채권, , ,9960,0,6.245,9960,6.245,9960,6.245,9960,6.245,20030000,19949880
20260807,B046294EA,KR6046294EA7,엠지캐피탈368-2,일반채권, , ,10038,3,4.791,10038,4.791,10038,4.791,10038,4.791,80000,80304
20260807,B046297F1,KR6046297F11,엠지캐피탈376-3,일반채권, , ,10032,2,4.53,10032,4.53,10032,4.53,10032,4.53,20000,20064
20260807,B046297F2,KR6046297F29,엠지캐피탈378-3,일반채권, , ,10034.9,6.9,4.478,10034.9,4.478,10034.9,4.478,10034.9,4.478,10000,10034
20260807,B046297FA,KR6046297FA7,엠지캐피탈389-2,일반채권, , ,9946,0,4.65,9936.3,4.786,9946,4.65,9936.3,4.786,10640000,10578334
20260807,B046297FB,KR6046297FB5,엠지캐피탈391-1,일반채권, , ,10032.5,-22.5,5.494,10032.5,5.494,10032.5,5.494,10032.5,5.494,500000,501625
20260807,B048711EA,KR6048711EA8,여천NCC84-1,일반채권, , ,10020,5,6.094,10020,6.094,10020,6.094,10020,6.094,9880000,9899760
20260807,B048712EA,KR6048712EA6,여천NCC84-2,일반채권, , ,9950,50,6.527,9960,6.439,9960,6.439,9950,6.527,690000,687230
20260807,B051913B2,KR6051913B27,LG화학54-3(지),일반채권, , ,9739.2,-2.3,3.774,9739.2,3.774,9739.2,3.774,9739.2,3.774,60000,58435
20260807,B055551C1,KR6055551C16,신한금융조건부(상)11-1(신종-영구-5콜),일반채권, , ,9901,0,3.944,9901,3.944,9901,3.944,9901,3.944,990000,980199
20260807,B055551D7,KR6055551D72,신한금융조건부(상)14(신종-영구-5콜),일반채권, , ,10230,0,5.297,10220,5.302,10230,5.297,10220,5.302,20000000,20450000
20260807,B060005C6,KR6060005C67,국민은행조건부(상)4206이(03)영신23,일반채권, , ,10000,0,4.919,10000,4.919,10000,4.919,10000,4.919,10000,10000
20260807,B064981B1,KR6064981B19,한국남동발전48-1(녹),일반채권, , ,9150,0,4.002,9150,4.002,9150,4.002,9150,4.002,20000,18300
20260807,B06590A79,KR606590A792,현대카드704-2,일반채권, , ,9938,0,3.708,9938,3.708,9938,3.708,9938,3.708,20000,19876
20260807,B06657492,KR6066574924,LG전자93-4,일반채권, , ,9120,0,4.431,9120,4.431,9120,4.431,9120,4.431,50000,45600
20260807,B066971F9,KR6066971F95,엘앤에프7,일반채권, , ,9608,37.5,4.477,9570.5,4.576,9608,4.477,9570.5,4.576,116430000,111767900
20260807,B067171G1,KR6067171G17,오텍13,일반채권, , ,9010,0,6.673,9200,6.149,9200,6.149,9010,6.673,80240000,73820040
20260807,B068172BB,KR6068172BB2,한국동서발전40-2,일반채권, , ,9982.5,0,3.624,9985,3.519,9985,3.519,9982.5,3.624,301910000,301421733
20260807,B073981D5,KR6073981D59,교보생명보험신종자본증권 4(지),일반채권, , ,10190,-10,5.761,10227,5.734,10227,5.734,10190,5.761,9450000,9662850
20260807,B073981EB,KR6073981EB3,교보생명보험신종자본증권 6,일반채권, , ,9800,0,4.8,9800,4.8,9800,4.8,9800,4.8,10000,9800
20260807,B079161C7,KR6079161C75,씨제이 씨지브이35CB(신종),일반채권, , ,10379,-21,0,10356,0,10393,0,10350,0,379750000,393661440
20260807,B079161F7,KR6079161F72,씨제이 씨지브이41-1,일반채권, , ,10016,25.3,5.649,10020,5.559,10022,5.515,10000.1,6.007,89720000,89881513
20260807,B079162F7,KR6079162F71,씨제이 씨지브이41-2,일반채권, , ,10004.8,4.8,5.825,9980,6.095,10004.8,5.825,9980,6.095,36900000,36840445
20260807,B082481C9,KR6082481C98,에이비엘생명보험1(후),일반채권, , ,10130,0,6.474,10130,6.474,10131,6.472,10130,6.474,60830000,61621300
20260807,B082481D3,KR6082481D30,에이비엘생명보험2(후),일반채권, , ,10168.5,0,6.365,10144,6.411,10168.5,6.365,10144,6.411,62740000,63765174
20260807,B082481E9,KR6082481E96,에이비엘생명보험3(후),일반채권, , ,10040,29,5.857,9950,5.997,10040,5.857,9950,5.997,191510000,191326192
20260807,B082481EC,KR6082481EC1,에이비엘생명보험4(후),일반채권, , ,9785,-65,5.727,9898,5.555,9898,5.555,9785,5.727,123150000,121665267
20260807,B086521F2,KR6086521F23,에코프로26-1,일반채권, , ,10109,0,2.89,10109,2.89,10109,2.89,10109,2.89,10000,10109
20260807,B086791C6,KR6086791C60,하나금융조건부(상)11,일반채권, , ,10047,0,4.561,10047,4.561,10047,4.561,10047,4.561,10000,10047
20260807,B086791D8,KR6086791D85,하나금융조건부(상)13,일반채권, , ,10020,0,5.239,10020,5.239,10020,5.239,10020,5.239,31980000,32043960
20260807,B086891DC,KR6086891DC9,이수앱지스8CB,일반채권, , ,10551,16,0,10527.6,0,11010,0,10527.6,0,302550000,329345728
20260807,B086951C6,KR6086951C66,푸본현대생명보험20(후),일반채권, , ,9800,169,6.752,9750,6.858,9800,6.752,9750,6.858,46270000,45342796
20260807,B086951D4,KR6086951D40,푸본현대생명보험23(후),일반채권, , ,9324,23.5,8.677,9787.5,7.751,9787.5,7.751,9316,8.694,4740000,4529927
20260807,B086951D6,KR6086951D65,푸본현대생명보험24(후),일반채권, , ,9332,18,8.658,9500,8.321,9500,8.321,9320.5,8.681,14220000,13410252
20260807,B086951E3,KR6086951E31,푸본현대생명보험26(후),일반채권, , ,8955,0,8.871,9100,8.592,9100,8.592,8955,8.871,60000,54452
20260807,B086951E5,KR6086951E56,푸본현대생명보험27(후),일반채권, , ,9059,-11.5,8.686,9060,8.684,9060,8.684,8980,8.835,224290000,202111082
20260807,B087801E8,KR6087801E80,케이디비생명보험12(후),일반채권, , ,9880,-9,6.027,9880,6.027,9880,6.027,9880,6.027,7080000,6995040
20260807,B088351C6,KR6088351C68,한화생명보험3(후),일반채권, , ,10039,4,5.368,10034,5.378,10039,5.368,10034,5.378,52490000,52678466
20260807,B088351D8,KR6088351D83,한화생명보험4(후),일반채권, , ,10165,41,5.725,10121,5.802,10165,5.725,10121,5.802,33700000,34160761
20260807,B088351E7,KR6088351E74,한화생명보험신종자본증권 5,일반채권, , ,9715,-33,5.008,9740,4.991,9740,4.991,9714,5.008,50200000,48892190
20260807,B095081C3,KR6095081C37,흥국생명보험신종자본증권 2,일반채권, , ,9939,0,4.875,9939,4.875,9939,4.875,9939,4.875,160000000,159024000
20260807,B095081C9,KR6095081C94,흥국생명보험8(후),일반채권, , ,10100,.5,6.033,10105,6.024,10105,6.024,10047.5,6.136,11350000,11462237
20260807,B095081F2,KR6095081F26,흥국생명보험9(후),일반채권, , ,9550,47.5,5.602,9550,5.602,9551,5.6,9550,5.602,12620000,12052110
20260807,B095231FC,KR6095231FC2,애큐온캐피탈252-1,일반채권, , ,10054.9,0,3.911,10054.9,3.911,10054.9,3.911,10054.9,3.911,20000,20108
20260807,B095232FB,KR6095232FB2,애큐온캐피탈251-2,일반채권, , ,10020,0,4.941,10020,4.941,10020,4.941,10020,4.941,20000,20040
20260807,B095234F2,KR6095234F22,애큐온캐피탈241-4,일반채권, , ,10042.4,0,4.384,10042.4,4.384,10042.4,4.384,10042.4,4.384,10000,10042
20260807,B095234F3,KR6095234F30,애큐온캐피탈243-4,일반채권, , ,10017,1,4.775,10021,4.707,10021,4.707,10017,4.775,24010000,24050821
20260807,B095235F9,KR6095235F96,애큐온캐피탈250-5,일반채권, , ,9820,40,5.586,9820,5.586,9820,5.586,9820,5.586,2490000,2445180
20260807,B095237F9,KR6095237F94,애큐온캐피탈250-7,일반채권, , ,10000,0,4.548,9830,5.445,10000,4.548,9830,5.445,14160000,13973000
20260807,B0959219A,KR60959219A1,현대커머셜366,일반채권, , ,9613,-15,4.093,9613,4.093,9613,4.093,9613,4.093,20000,19226
20260807,B103161EB,KR6103161EB6,풀무원식품신종자본증권 77,일반채권, , ,9697,-1,6.548,9697,6.548,9697,6.548,9697,6.548,980000,950306
20260807,B105561C2,KR6105561C25,KB금융조건부(상)8-1,일반채권, , ,10030,0,4.024,10030,4.024,10030,4.024,10030,4.024,10000,10030
20260807,B105561C5,KR6105561C58,KB금융조건부(상)9-1,일반채권, , ,10050,25,4.708,10040,4.713,10050,4.708,10026,4.719,85220000,85603648
20260807,B105561D2,KR6105561D24,KB금융조건부(상)11-2,일반채권, , ,9900,0,5.083,9900,5.083,9900,5.083,9900,5.083,930000,920700
20260807,B105562B5,KR6105562B58,KB금융조건부(상)6-2(녹),일반채권, , ,9300,0,3.9,9300,3.9,9300,3.9,9300,3.9,22470000,20897100
20260807,B105563B2,KR6105563B24,KB금융조건부(상)5-3,일반채권, , ,9290,89,3.557,9290,3.557,9290,3.557,9290,3.557,20090000,18663610
20260807,B108261B8,KR6108261B80,케이비라이프생명보험2(후),일반채권, , ,10045,0,3.672,10040,3.682,10045,3.672,10040,3.682,1240000,1245218
20260807,B108672B9,KR6108672B91,LX하우시스13-2,일반채권, , ,10000,0,4.648,10000,4.648,10000,4.648,10000,4.648,360000,360000
20260807,B120112E4,KR6120112E42,코오롱인더스트리65-2,일반채권, , ,9933,0,5.936,9933,5.936,9933,5.936,9933,5.936,3990000,3963267
20260807,B123272EB,KR6123272EB7,코리아세븐30-2,일반채권, , ,10105,0,4.407,10099,4.651,10105,4.407,10099,4.651,21840000,22069051
20260807,B123892E4,KR6123892E42,한국자산신탁8-2,일반채권, , ,10100,-10,5.724,10110,5.584,10110,5.584,10100,5.724,47440000,47944585
20260807,B123892F2,KR6123892F25,한국자산신탁9-2,일반채권, , ,10000,0,5.761,10020,5.626,10020,5.626,10000,5.761,4400000,4403000
20260807,B138041E2,KR6138041E24,메리츠금융지주신종자본증권 6,일반채권, , ,10043,13,5.857,10006,5.884,10052,5.85,10006,5.884,1540000,1545130
20260807,B138041F4,KR6138041F49,메리츠금융지주신종자본증권 8,일반채권, , ,9575,45,5.009,9572,5.011,9732,4.903,9572,5.011,110350000,105660612
20260807,B138931D9,KR6138931D93,BNK금융 조건부(상)10,일반채권, , ,10120,20,5.672,10050,5.711,10120,5.672,10050,5.711,68960000,69547650
20260807,B138931E2,KR6138931E27,BNK금융 조건부(상)11,일반채권, , ,9901,0,5.077,9900,5.078,9988,5.033,9900,5.078,92490000,91747495
20260807,B139131D6,KR6139131D65,iM금융지주7(신종-영구-5콜),일반채권, , ,10120,0,5.768,10040,5.814,10120,5.768,10040,5.814,16700000,16833600
20260807,B139482G1,KR6139482G18,이마트29-2,일반채권, , ,9950,0,3.887,9950,3.887,9950,3.887,9950,3.887,10000,9950
20260807,B140481F8,KR6140481F83,제이티비씨41,일반채권, , ,3398,209,130.531,3398,130.531,3398,130.531,3398,130.531,800000,271840
20260807,B140481G2,KR6140481G25,제이티비씨42,일반채권, , ,3100,0,97.623,2880.1,103.749,3188,95.314,2880.1,103.749,76060000,23548431
20260807,B140483F2,KR6140483F24,제이티비씨37-2,일반채권, , ,3197.9,8.9,249.639,3081,258.411,3197.9,249.639,3081,258.411,1590000,489995
20260807,B150351D9,KR6150351D99,삼척블루파워9,일반채권, , ,10078,7.5,4.311,10079.9,4.13,10079.9,4.13,10075,4.597,74140000,74719164
20260807,B150351E6,KR6150351E64,삼척블루파워10,일반채권, , ,10115,25,5.513,10110,5.571,10115,5.513,10090,5.803,106070000,107236580
20260807,B150351E9,KR6150351E98,삼척블루파워11,일반채권, , ,10145.9,46.9,5.36,10098.9,5.8,10145.9,5.36,10098.9,5.8,259120000,261754473
20260807,B150351F4,KR6150351F48,삼척블루파워12,일반채권, , ,9979,1,5.874,9980,5.868,9980,5.868,9970.1,5.929,196300000,195886314
20260807,B150351F8,KR6150351F89,삼척블루파워13,일반채권, , ,9970,-6,5.774,9975,5.748,9976,5.743,9970,5.774,51790000,51659481
20260807,B150351G2,KR6150351G21,삼척블루파워14,일반채권, , ,10074,6,6.181,10071.5,6.192,10098,6.08,10071.5,6.192,266650000,268650857
20260807,B155722G3,KR6155722G30,한화에너지27-2,일반채권, , ,9917.5,0,4.54,9917.5,4.54,9917.5,4.54,9917.5,4.54,5010000,4968667
20260807,B157181C3,KR6157181C34,농협생명보험2(후),일반채권, , ,10000,0,4.439,10000,4.439,10000,4.439,10000,4.439,11710000,11710000
20260807,B166261FB,KR6166261FB5,농협금융 조건부(상)8,일반채권, , ,9690,0,3.748,9690,3.748,9690,3.748,9690,3.748,1500000000,1453500000
20260807,B169371E6,KR6169371E60,메리츠캐피탈신종자본증권 257,일반채권, , ,10050,-139,6.667,10187,6.559,10187,6.559,10050,6.667,3190000,3248595
20260807,B169376F6,KR6169376F64,메리츠캐피탈신종자본증권 280,일반채권, , ,9615,13,5.701,9615,5.701,9615,5.701,9615,5.701,10000,9615
20260807,B169379E5,KR6169379E54,메리츠캐피탈256-4,일반채권, , ,10185,0,-12.433,10185,-12.433,10185,-12.433,10185,-12.433,30000,30555
20260807,B175331E4,KR6175331E41,JB금융지주조건부(상)7(신종-영구-5콜),일반채권, , ,10039,0,5.186,10039,5.186,10039,5.186,10039,5.186,100000,100390
20260807,B175331E9,KR6175331E90,JB금융지주조건부(상)8(신종-영구-5콜),일반채권, , ,9750,0,4.786,9750,4.786,9750,4.786,9750,4.786,3320000,3237000
20260807,B175331EC,KR6175331EC6,JB금융지주조건부(상)9(신종-영구-5콜),일반채권, , ,9900,0,5.001,9900,5.001,9900,5.001,9900,5.001,2020000,1999800
20260807,B181651DA,KR6181651DA5,에스케이인천석화신종2,일반채권, , ,10050,-26,7.289,10050,7.289,10050,7.289,10050,7.289,15440000,15517200
20260807,B181652C2,KR6181652C26,에스케이인천석유화학23-2,일반채권, , ,10020,0,3.498,10020,3.498,10020,3.498,10020,3.498,20000000,20040000
20260807,B192521C5,KR6192521C55,경남은행 조건부(상)22-05이(신)영A10(사),일반채권, , ,10024,-86,5.253,10024,5.253,10024,5.253,10024,5.253,10000,10024
20260807,B206352E9,KR6206352E97,에스케이어드밴스드14-2,일반채권, , ,10027.9,2.9,8.498,10028,8.487,10028,8.487,10023,9.055,517020000,518324115
20260807,B214341F3,KR6214341F37,한국투자캐피탈125-1,일반채권, , ,10045,0,4.54,10045,4.54,10045,4.54,10045,4.54,5770000,5795965
20260807,B214341F6,KR6214341F60,한국투자캐피탈127-1,일반채권, , ,10049.6,81.6,3.883,10049.6,3.883,10049.6,3.883,10049.6,3.883,10000,10049
20260807,B214342EA,KR6214342EA0,한국투자캐피탈114-2,일반채권, , ,10055,9,3.9,10055,3.9,10055,3.9,10054.9,3.907,11410000,11472750
20260807,B214342G3,KR6214342G35,한국투자캐피탈134-2,일반채권, , ,9965,0,5.148,9790,6.307,9965,5.148,9790,6.307,9790000,9701667
20260807,B214343F4,KR6214343F43,한국투자캐피탈126-3,일반채권, , ,10000,-10,4.787,10010,4.63,10010,4.63,10000,4.787,910000,910010
20260807,B214343G3,KR6214343G34,한국투자캐피탈134-3,일반채권, , ,9980,20,5.049,9960,5.18,9980,5.049,9960,5.18,16510000,16458760
20260807,B214344F6,KR6214344F67,한국투자캐피탈128-2,일반채권, , ,10038,3,4.017,10038,4.017,10038,4.017,10038,4.017,10000,10038
20260807,B214346EB,KR6214346EB9,한국투자캐피탈117-5,일반채권, , ,10137.7,0,3.662,10137.7,3.662,10137.7,3.662,10137.7,3.662,10000,10137
20260807,B214348E4,KR6214348E49,한국투자캐피탈111-3,일반채권, , ,10131,0,4.429,9990,6.552,10131,4.429,9990,6.552,9190000,9201960
20260807,B21434AEB,KR621434AEB8,한국투자캐피탈119-3,일반채권, , ,10099,0,3.849,10099,3.849,10099,3.849,10099,3.849,10000,10099
20260807,B251272E3,KR6251272E33,넷마블2-2,일반채권, , ,10110,-28.3,4.522,10110,4.522,10110,4.522,10110,4.522,12810000,12950910
20260807,B290291F8,KR6290291F86,신한자산신탁1,일반채권, , ,10050,0,5.036,10050,5.036,10050,5.036,10050,5.036,10000,10050
20260807,B294871F6,KR6294871F60,IPARK현대산업개발5-1,일반채권, , ,9950,0,4.694,9950,4.694,9950,4.694,9950,4.694,4970000,4945150
20260807,B310101F4,KR6310101F41,키움캐피탈214,일반채권, , ,10036.7,1.7,3.731,10036.7,3.731,10036.7,3.731,10036.7,3.731,10000,10036
20260807,B310102F3,KR6310102F32,키움캐피탈211-2,일반채권, , ,10050,0,7.627,10050,7.627,10050,7.627,10050,7.627,10000,10050
20260807,B310102FC,KR6310102FC4,키움캐피탈229-2,일반채권, , ,10050,40,4.238,10050,4.238,10050,4.238,10050,4.238,1000000,1005000
20260807,B310106F6,KR6310106F61,키움캐피탈222-2,일반채권, , ,10010,10,4.708,10000,4.868,10010,4.708,10000,4.868,10800000,10805500
20260807,B310107F6,KR6310107F60,키움캐피탈222-3,일반채권, , ,9999,0,4.823,9999.9,4.812,9999.9,4.812,9999,4.823,7610000,7609383
20260807,B310108F3,KR6310108F36,키움캐피탈213-2,일반채권, , ,10046,0,4.772,10046,4.772,10046,4.772,10046,4.772,1348190000,1354391674
20260807,B31614199,KR6316141995,우리금융조건부(상)3-1(후),일반채권, , ,9830,-70,4.084,9830,4.084,9830,4.084,9830,4.084,1510000,1484330
20260807,B316141C2,KR6316141C27,우리금융조건부(상)11(신종),일반채권, , ,10010,50,4.133,10010,4.133,10010,4.133,10010,4.133,13360000,13373360
20260807,B316141D2,KR6316141D26,우리금융조건부(상)14(신종),일반채권, , ,10000,0,4.666,10000,4.666,10000,4.666,9980,4.675,15890000,15883500
20260807,B316141E2,KR6316141E25,우리금융조건부(상)16(신종),일반채권, , ,9950,0,4.512,9950,4.512,9950,4.512,9950,4.512,520000,517400
20260807,B329183E1,KR6329183E19,에이치디현대중공업8-3,일반채권, , ,10049.5,0,3.781,10049.5,3.781,10049.5,3.781,10049.5,3.781,100000,100495
20260807,B331593E2,KR6331593E27,에이치디현대케미칼6-3,일반채권, , ,9998.5,0,4.942,9990,4.978,9999.5,4.938,9700,6.241,2310000,2301754
20260807,B336262F3,KR6336262F33,두산퓨얼셀10-2,일반채권, , ,10064,-11.1,5.197,10070,5.158,10070,5.158,10021,5.483,48780000,48961172
20260807,B336262F8,KR6336262F82,두산퓨얼셀11-2,일반채권, , ,10050.5,-29,5.248,10010.5,5.456,10050.5,5.248,10010.5,5.456,6630000,6646610
20260807,B348371EB,KR6348371EB6,엔켐14CB,일반채권, , ,5870,-118,0,6000,0,6000,0,5805.5,0,962990000,565719405
20260807,B361612E2,KR6361612E21,SK아이이테크놀로지1-2,일반채권, , ,10060,0,5.326,10060,5.326,10060,5.326,10060,5.326,13760000,13842560
20260807,B361612FA,KR6361612FA4,SK아이이테크놀로지6-2(녹),일반채권, , ,10000,0,4.658,10000,4.658,10000,4.658,10000,4.658,3700000,3700000
20260807,B404712DA,KR6404712DA6,에스케이온4-2(녹),일반채권, , ,10030,0,5.001,10030,5.001,10030,5.001,10030,5.001,5000000,5015000
20260807,B404712E3,KR6404712E36,에스케이온5-2(녹),일반채권, , ,10060,0,5.05,10055,5.139,10060,5.05,10055,5.139,3150000,3167645
20260807,B427082F2,KR6427082F20,세아베스틸2-2,일반채권, , ,9813.5,0,4.593,9813.5,4.593,9813.5,4.593,9813.5,4.593,330000,323845
20260807,B473521DC,KR6473521DC3,뉴스타반포3제일차유1,일반채권, , ,10055,0,4.185,10055,4.185,10055,4.185,10055,4.185,140000,140770
20260807,L0355P269,KRC0355P2694,국고채원금03290-2609(21-7),KTS,2,경과,9975.9,2,2.844,9976.2,2.808,9976.2,2.808,9975.9,2.844,21000000000,20949750000
20260807,L035AP26C,KRC035AP26C3,국고채원금03580-2612(16-8),KTS,4,경과,9899.2,2.4,3.046,9899.3,3.043,9899.8,3.028,9899,3.052,24000000000,23758290000
20260807,L035FP273,KRC035FP2732,국고채원금03260-2703(07-3),KTS,20,경과,9807.8,.8,3.373,9808,3.37,9808.2,3.366,9807.8,3.373,20000000000,19616265000
