date,isin,bond_name,issuer,bond_type,credit_rating,issue_date,maturity_date,remaining_maturity,coupon_rate,interest_payment_cycle,close_price,ytm,volume,trading_value,payments_per_year,has_option,is_fixed_rate
2026-08-07,KR101501DC30,국민주택1종22-03,대한민국,국채,,2022-03-31,2027-03-31,236.0,1.0,12개월,10284.0,3.398,24700000,25401480,1.0,False,True
2026-08-07,KR101501DC63,국민주택1종22-06,대한민국,국채,,2022-06-30,2027-06-30,327.0,1.0,12개월,10192.8,3.473,50060000,51025156,1.0,False,True
2026-08-07,KR101501DC89,국민주택1종22-08,대한민국,국채,,2022-08-31,2027-08-31,389.0,1.0,12개월,10140.0,3.416,630000,638820,1.0,False,True
2026-08-07,KR101501DCA3,국민주택1종22-10,대한민국,국채,,2022-10-31,2027-10-31,450.0,1.0,12개월,10079.0,3.446,930000,937347,1.0,False,True
2026-08-07,KR101501DD13,국민주택1종23-01,대한민국,국채,,2023-01-31,2028-01-31,542.0,1.3,12개월,10070.0,3.941,10000000,10070000,1.0,False,True
2026-08-07,KR101501DD39,국민주택1종23-03,대한민국,국채,,2023-03-31,2028-03-31,602.0,1.3,12개월,9974.1,4.151,2210000,2204276,1.0,False,True
2026-08-07,KR101501DD70,국민주택1종23-07,대한민국,국채,,2023-07-31,2028-07-31,724.0,1.3,12개월,9870.0,3.997,2100000,2072700,1.0,False,True
2026-08-07,KR101501DD88,국민주택1종23-08,대한민국,국채,,2023-08-31,2028-08-31,755.0,1.3,12개월,9931.0,3.519,3310000,3280726,1.0,False,True
2026-08-07,KR101501DDA1,국민주택1종23-10,대한민국,국채,,2023-10-31,2028-10-31,816.0,1.3,12개월,9825.0,3.745,100000000,98250000,1.0,False,True
2026-08-07,KR101501DDC7,국민주택1종23-12,대한민국,국채,,2023-12-31,2028-12-31,877.0,1.3,12개월,9762.5,3.753,21190000,20686737,1.0,False,True
2026-08-07,KR101501DE12,국민주택1종24-01,대한민국,국채,,2024-01-31,2029-01-31,908.0,1.3,12개월,9700.0,3.89,10000000,9700000,1.0,False,True
2026-08-07,KR101501DE38,국민주택1종24-03,대한민국,국채,,2024-03-31,2029-03-31,967.0,1.3,12개월,9667.5,3.781,630000,609052,1.0,False,True
2026-08-07,KR101501DE53,국민주택1종24-05,대한민국,국채,,2024-05-31,2029-05-31,1028.0,1.3,12개월,9583.0,3.878,1650000,1581195,1.0,False,True
2026-08-07,KR101501DE61,국민주택1종24-06,대한민국,국채,,2024-06-30,2029-06-30,1058.0,1.3,12개월,9552.0,3.883,50000000,47760075,1.0,False,True
2026-08-07,KR101501DE79,국민주택1종24-07,대한민국,국채,,2024-07-31,2029-07-31,1089.0,1.3,12개월,9522.0,3.882,50530000,48114666,1.0,False,True
2026-08-07,KR101501DF78,국민주택1종25-07,대한민국,국채,,2025-07-31,2030-07-31,1454.0,1.0,12개월,9000.5,3.971,2710000,2439145,1.0,False,True
2026-08-07,KR101501DFC2,국민주택1종25-12,대한민국,국채,,2025-12-31,2030-12-31,1607.0,1.0,12개월,8900.0,3.847,5000000,4450000,1.0,False,True
2026-08-07,KR101501DG10,국민주택1종26-01,대한민국,국채,,2026-01-31,2031-01-31,1638.0,1.0,12개월,8796.0,4.044,16950000,14909220,1.0,False,True
2026-08-07,KR101501DG28,국민주택1종26-02,대한민국,국채,,2026-02-28,2031-02-28,1666.0,1.0,12개월,8750.0,4.094,2190000,1913100,1.0,False,True
2026-08-07,KR101501DG36,국민주택1종26-03,대한민국,국채,,2026-03-31,2031-03-31,1697.0,1.0,12개월,8730.0,4.07,48010000,41820710,1.0,False,True
2026-08-07,KR101501DG44,국민주택1종26-04,대한민국,국채,,2026-04-30,2031-04-30,1727.0,1.0,12개월,8650.0,4.201,35000000,30275000,1.0,False,True
2026-08-07,KR101501DG51,국민주택1종26-05,대한민국,국채,,2026-05-31,2031-05-31,1758.0,1.0,12개월,8639.0,4.153,345640000,298564123,1.0,False,True
2026-08-07,KR101501DG69,국민주택1종26-06,대한민국,국채,,2026-06-30,2031-06-30,1788.0,1.0,12개월,8591.5,4.201,4900000,4209835,1.0,False,True
2026-08-07,KR101501DG77,국민주택1종26-07,대한민국,국채,,2026-07-31,2031-07-31,1819.0,1.0,12개월,8570.0,4.181,10923354000,9374050591,1.0,False,True
2026-08-07,KR101501DG85,국민주택1종26-08,대한민국,국채,,2026-08-31,2031-08-31,1850.0,1.0,,8540.0,4.181,107509651000,91906462642,,False,True
2026-08-07,KR10350172C8,국고03000-4212(12-5),대한민국,국채,,2012-12-10,2042-12-10,5969.0,3.0,6개월,8400.0,4.426,220000,184800,2.0,False,True
2026-08-07,KR103501GC90,국고03125-2709(22-8),대한민국,국채,,2022-09-10,2027-09-10,399.0,3.125,6개월,10081.6,3.551,1103850000,1113121393,2.0,False,True
2026-08-07,KR103501GE98,국고03000-2909(24-7),대한민국,국채,,2024-09-10,2029-09-10,1130.0,3.0,6개월,9898.0,3.773,1000000,989800,2.0,False,True
2026-08-07,KR103501GF63,국고02250-2806(25-4),대한민국,국채,,2025-06-10,2028-06-10,673.0,2.25,6개월,9808.7,3.53,10000,9808,2.0,False,True
2026-08-07,KR103501GF97,국고02250-2709(25-6),대한민국,국채,,2025-09-10,2027-09-10,399.0,2.25,6개월,9962.1,3.465,1200000,1195242,2.0,False,True
2026-08-07,KR103501GG39,국고03500-5603(26-2),대한민국,국채,,2026-03-10,2056-03-10,10808.0,3.5,6개월,8487.0,4.521,681000000000,578019500000,2.0,False,True
2026-08-07,KR103501GG62,국고03500-2906(26-5),대한민국,국채,,2026-06-10,2029-06-10,1038.0,3.5,6개월,9992.5,3.744,1169000000000,1167837450000,2.0,False,True
2026-08-07,KR10350270C0,국고04750-3012(10-7),대한민국,국채,,2010-12-10,2030-12-10,1586.0,4.75,6개월,11025.0,2.43,2510000,2767275,2.0,False,True
2026-08-07,KR1035027WC3,국고05500-2912(09-5),대한민국,국채,,2009-12-10,2029-12-10,1221.0,5.5,6개월,10587.0,3.887,1500000,1582850,2.0,False,True
2026-08-07,KR103502G693,국고01500-3609(16-6),대한민국,국채,,2016-09-10,2036-09-10,3687.0,1.5,6개월,7820.0,4.254,20000,15640,2.0,False,True
2026-08-07,KR103502G6C4,국고01500-2612(16-8),대한민국,국채,,2016-12-10,2026-12-10,125.0,1.5,6개월,9966.0,3.202,115650000,115255225,2.0,False,True
2026-08-07,KR103502G768,국고02125-2706(17-3),대한민국,국채,,2017-06-10,2027-06-10,307.0,2.125,6개월,9929.7,3.382,5420000,5381922,2.0,False,True
2026-08-07,KR103502G990,국고01125-3909(19-6),대한민국,국채,,2019-09-10,2039-09-10,4782.0,1.125,6개월,6879.0,4.316,3929570000,2702059594,2.0,False,True
2026-08-07,KR103502G9C8,국고01375-2912(19-8),대한민국,국채,,2019-12-10,2029-12-10,1221.0,1.375,6개월,9267.0,3.8,348870000,322944324,2.0,False,True
2026-08-07,KR103502GA34,국고01500-5003(20-2),대한민국,국채,,2020-03-10,2050-03-10,8616.0,1.5,6개월,5692.0,4.534,2031380000,1156110383,2.0,False,True
2026-08-07,KR103502GA67,국고01375-3006(20-4),대한민국,국채,,2020-06-10,2030-06-10,1403.0,1.375,6개월,9123.0,3.916,304780000,278046833,2.0,False,True
2026-08-07,KR103502GA91,국고01500-4009(20-7),대한민국,국채,,2020-09-10,2040-09-10,5148.0,1.5,6개월,7070.0,4.363,598910000,423733107,2.0,False,True
2026-08-07,KR103502GAC2,국고01500-3012(20-9),대한민국,국채,,2020-12-10,2030-12-10,1586.0,1.5,6개월,9066.5,3.917,46870000,42504337,2.0,False,True
2026-08-07,KR103502GB33,국고01875-5103(21-2),대한민국,국채,,2021-03-10,2051-03-10,8981.0,1.875,6개월,6120.0,4.569,137060000,83880720,2.0,False,True
2026-08-07,KR103502GB66,국고02000-3106(21-5),대한민국,국채,,2021-06-10,2031-06-10,1768.0,2.0,6개월,9175.5,3.959,6530000,5990831,2.0,False,True
2026-08-07,KR103502GBC0,국고02375-3112(21-11),대한민국,국채,,2021-12-10,2031-12-10,1951.0,2.375,6개월,9210.0,4.115,730000,672361,2.0,False,True
2026-08-07,KR103502GC99,국고03125-5209(22-9),대한민국,국채,,2022-09-10,2052-09-10,9531.0,3.125,6개월,8009.0,4.514,62430000,50000187,2.0,False,True
2026-08-07,KR103502GCC8,국고04250-3212(22-14),대한민국,국채,,2022-12-10,2032-12-10,2317.0,4.25,6개월,10117.0,4.158,50030000,50850351,2.0,False,True
2026-08-07,KR103502GD31,국고03250-5303(23-2),대한민국,국채,,2023-03-10,2053-03-10,9712.0,3.25,6개월,8145.0,4.545,198570000,161327732,2.0,False,True
2026-08-07,KR103502GD64,국고03250-3306(23-5),대한민국,국채,,2023-06-10,2033-06-10,2499.0,3.25,6개월,9495.0,4.192,100000,94950,2.0,False,True
2026-08-07,KR103502GD98,국고03625-5309(23-7),대한민국,국채,,2023-09-10,2053-09-10,9896.0,3.625,6개월,8710.0,4.553,143540000,124943091,2.0,False,True
2026-08-07,KR103502GDC6,국고04125-3312(23-11),대한민국,국채,,2023-12-10,2033-12-10,2682.0,4.125,6개월,10056.5,4.137,348540000,350813937,2.0,False,True
2026-08-07,KR103502GE30,국고03250-5403(24-2),대한민국,국채,,2024-03-10,2054-03-10,10077.0,3.25,6개월,8096.0,4.553,141290000,114287936,2.0,False,True
2026-08-07,KR103502GE63,국고03500-3406(24-5),대한민국,국채,,2024-06-10,2034-06-10,2864.0,3.5,6개월,9628.0,4.142,1020000,982052,2.0,False,True
2026-08-07,KR103502GE97,국고02750-5409(24-8),대한민국,국채,,2024-09-10,2054-09-10,10261.0,2.75,6개월,7288.0,4.538,20000,14576,2.0,False,True
2026-08-07,KR103502GF39,국고02625-5503(25-2),대한민국,국채,,2025-03-10,2055-03-10,10442.0,2.625,6개월,7058.0,4.539,666880000,470791130,2.0,False,True
2026-08-07,KR103502GF62,국고02625-3506(25-5),대한민국,국채,,2025-06-10,2035-06-10,3229.0,2.625,6개월,8874.5,4.219,100490000,89182754,2.0,False,True
2026-08-07,KR103502GG38,국고03000-2803(26-1),대한민국,국채,,2026-03-10,2028-03-10,581.0,3.0,6개월,10037.0,3.571,234000000000,234834700000,2.0,False,True
2026-08-07,KR103502GG61,물가01125-3606(26-4),대한민국,국채,,2026-06-10,2036-06-10,3595.0,1.125,6개월,9539.0,1.655,90000000000,85888100000,2.0,False,True
2026-08-07,KR103503G865,물가01750-2806(18-5),대한민국,국채,,2018-06-10,2028-06-10,673.0,1.75,6개월,10400.0,-0.265,50000,52000,2.0,False,True
2026-08-07,KR103503GB99,국고01875-4109(21-9),대한민국,국채,,2021-09-10,2041-09-10,5513.0,1.875,6개월,7280.0,4.436,72610000,52824228,2.0,False,True
2026-08-07,KR103503GE96,국고02875-2609(24-9),대한민국,국채,,2024-09-10,2026-09-10,34.0,2.875,6개월,10115.6,3.012,108980000,110239807,2.0,False,True
2026-08-07,KR103503GF95,국고02500-3009(25-8),대한민국,국채,,2025-09-10,2030-09-10,1495.0,2.5,6개월,9560.0,3.945,10000,9560,2.0,False,True
2026-08-07,KR103503GG37,국고03375-3103(26-3),대한민국,국채,,2026-03-10,2031-03-10,1676.0,3.375,6개월,9895.5,3.963,1122000000000,1110043100000,2.0,False,True
2026-08-07,KR103503GG60,국고04250-3606(26-6),대한민국,국채,,2026-06-10,2036-06-10,3595.0,4.25,6개월,10106.0,4.204,462000000000,466647900000,2.0,False,True
2026-08-07,KR103504GC97,국고03250-4209(22-11),대한민국,국채,,2022-09-10,2042-09-10,5878.0,3.25,6개월,8730.0,4.482,2560000,2234880,2.0,False,True
2026-08-07,KR103504GD96,국고03875-4309(23-9),대한민국,국채,,2023-09-10,2043-09-10,6243.0,3.875,6개월,9472.0,4.451,7010000,6599158,2.0,False,True
2026-08-07,KR103504GF94,국고02750-4509(25-9),대한민국,국채,,2025-09-10,2045-09-10,6974.0,2.75,6개월,7894.0,4.494,124000000000,97860800000,2.0,False,True
2026-08-07,KR103505GC96,국고03500-7209(22-12),대한민국,국채,,2022-09-10,2072-09-10,16836.0,3.5,6개월,8375.0,4.399,14000000000,11725000000,2.0,False,True
2026-08-07,KR2001024992,서울도시철도19-09,서울특별시,지방채,,2019-09-30,2026-09-30,54.0,1.25,12개월,10847.9,2.623,10000,10847,1.0,False,True
2026-08-07,KR20010249C5,서울도시철도19-12,서울특별시,지방채,,2019-12-31,2026-12-31,146.0,1.0,12개월,10560.0,3.551,19060000,20117830,1.0,False,True
2026-08-07,KR2001024E60,서울도시철도24-06,서울특별시,지방채,,2024-06-30,2031-06-30,1788.0,2.5,12개월,9690.0,4.129,3660000,3546540,1.0,False,True
2026-08-07,KR2001024F28,서울도시철도25-02,서울특별시,지방채,,2025-02-28,2032-02-29,2032.0,2.5,12개월,9310.0,4.371,28990000,27037530,1.0,False,True
2026-08-07,KR2001024FB5,서울도시철도25-11,서울특별시,지방채,,2025-11-30,2032-11-30,2307.0,2.0,12개월,7962.5,5.9,58700000,46739873,1.0,False,True
2026-08-07,KR2001024G76,서울도시철도26-07,서울특별시,지방채,,2026-07-31,2033-07-31,2550.0,2.0,12개월,8505.0,4.338,2961892000,2522306999,1.0,False,True
2026-08-07,KR2001024G84,서울도시철도26-08,서울특별시,지방채,,2026-08-31,2033-08-31,2581.0,2.0,,8471.0,4.343,1983400000,1683100323,,False,True
2026-08-07,KR2001034A21,서울도시철도20-02,서울특별시,지방채,,2020-02-29,2027-02-28,205.0,1.0,12개월,10522.8,3.167,10000000,10522800,1.0,False,True
2026-08-07,KR2002012CA8,강원지역개발22-10,강원도,지방채,,2022-10-31,2027-10-31,450.0,1.05,12개월,10103.0,3.453,300000000,303090000,1.0,False,True
2026-08-07,KR2002022G76,강원지역개발26-07,강원도,지방채,,2026-07-31,2031-07-31,1819.0,2.0,12개월,8977.0,4.24,1027090000,920461868,1.0,False,True
2026-08-07,KR2002022G84,강원지역개발26-08,강원도,지방채,,2026-08-31,2031-08-31,1850.0,2.0,,8937.0,4.258,858114000,767137516,,False,True
2026-08-07,KR2003022G74,대전지역개발26-07,대전광역시,지방채,,2026-07-31,2031-07-31,1819.0,2.0,12개월,8977.0,4.24,298721000,267798520,1.0,False,True
2026-08-07,KR2003022G82,대전지역개발26-08,대전광역시,지방채,,2026-08-31,2031-08-31,1850.0,2.0,,8937.0,4.258,404919000,362009002,,False,True
2026-08-07,KR2004022G72,인천지역개발26-07,인천광역시,지방채,,2026-07-31,2031-07-31,1819.0,2.0,12개월,8977.0,4.24,1257430000,1126901315,1.0,False,True
2026-08-07,KR2004022G80,인천지역개발26-08,인천광역시,지방채,,2026-08-31,2031-08-31,1850.0,2.0,,8937.0,4.258,967772000,865236466,,False,True
2026-08-07,KR2006014C71,부산도시철도22-07,부산광역시,지방채,,2022-07-31,2027-07-31,358.0,1.05,12개월,10190.0,3.461,60000000,61140000,1.0,False,True
2026-08-07,KR2006014G77,부산도시철도26-07,부산광역시,지방채,,2026-07-31,2031-07-31,1819.0,2.0,12개월,8993.0,4.202,1188315000,1068651514,1.0,False,True
2026-08-07,KR2006014G85,부산도시철도26-08,부산광역시,지방채,,2026-08-31,2031-08-31,1850.0,2.0,,8937.0,4.258,281836000,252288852,,False,True
2026-08-07,KR2006022G77,부산지역개발26-07,부산광역시,지방채,,2026-07-31,2031-07-31,1819.0,2.0,12개월,8977.0,4.24,329033000,294842190,1.0,False,True
2026-08-07,KR2006022G85,부산지역개발26-08,부산광역시,지방채,,2026-08-31,2031-08-31,1850.0,2.0,,8937.0,4.258,399726000,357304510,,False,True
2026-08-07,KR2007022G75,대구지역개발26-07,대구광역시,지방채,,2026-07-31,2031-07-31,1819.0,2.0,12개월,8977.0,4.24,274931000,246340488,1.0,False,True
2026-08-07,KR2007022G83,대구지역개발26-08,대구광역시,지방채,,2026-08-31,2031-08-31,1850.0,2.0,,8937.0,4.258,405555000,362417005,,False,True
2026-08-07,KR2007024G73,대구도시철도26-07,대구광역시,지방채,,2026-07-31,2031-07-31,1819.0,2.0,12개월,8976.0,4.242,815701000,733344023,1.0,False,True
2026-08-07,KR2007024G81,대구도시철도26-08,대구광역시,지방채,,2026-08-31,2031-08-31,1850.0,2.0,,8937.0,4.258,122871000,109992075,,False,True
2026-08-07,KR2008012G75,울산지역개발26-07,울산광역시,지방채,,2026-07-31,2031-07-31,1819.0,2.0,12개월,8977.0,4.24,497299000,445696623,1.0,False,True
2026-08-07,KR2008012G83,울산지역개발26-08,울산광역시,지방채,,2026-08-31,2031-08-31,1850.0,2.0,,8937.0,4.258,599141000,535588173,,False,True
2026-08-07,KR2022012D12,충남지역개발23-01,충청남도,지방채,,2023-01-31,2028-01-31,542.0,2.5,12개월,10621.1,4.332,610000,647887,1.0,False,True
2026-08-07,KR2022022G74,충남지역개발26-07,충청남도,지방채,,2026-07-31,2031-07-31,1819.0,2.0,12개월,8977.0,4.24,476866000,427355905,1.0,False,True
2026-08-07,KR2022022G82,충남지역개발26-08,충청남도,지방채,,2026-08-31,2031-08-31,1850.0,2.0,,8937.0,4.258,1419788000,1269360390,,False,True
2026-08-07,KR2033022G71,충북지역개발26-07,충청북도,지방채,,2026-07-31,2031-07-31,1819.0,2.0,12개월,8977.0,4.24,602572000,539885046,1.0,False,True
2026-08-07,KR2033022G89,충북지역개발26-08,충청북도,지방채,,2026-08-31,2031-08-31,1850.0,2.0,,8937.0,4.258,1357028000,1213074477,,False,True
2026-08-07,KR2044022C80,경기지역개발22-08,경기도,지방채,,2022-08-31,2027-08-31,389.0,1.05,12개월,10076.0,4.272,20060000,20212456,1.0,False,True
2026-08-07,KR2044022G78,경기지역개발26-07,경기도,지방채,,2026-07-31,2031-07-31,1819.0,2.0,12개월,8977.0,4.24,478321000,428502055,1.0,False,True
2026-08-07,KR2044022G86,경기지역개발26-08,경기도,지방채,,2026-08-31,2031-08-31,1850.0,2.0,,8937.0,4.258,3170027000,2833858365,,False,True
2026-08-07,KR2055012C96,전북지역개발22-09,전라북도,지방채,,2022-09-30,2027-09-30,419.0,1.05,12개월,9873.0,5.806,40000,39492,1.0,False,True
2026-08-07,KR2055022C37,전북지역개발22-03,전라북도,지방채,,2022-03-31,2027-03-31,236.0,1.05,12개월,10265.8,4.07,50530000,51873087,1.0,False,True
2026-08-07,KR2055022C45,전북지역개발22-04,전라북도,지방채,,2022-04-30,2027-04-30,266.0,1.05,12개월,10227.6,4.137,10960000,11209449,1.0,False,True
2026-08-07,KR2055022G74,전북지역개발26-07,전라북도,지방채,,2026-07-31,2031-07-31,1819.0,2.0,12개월,8977.0,4.24,651568000,583848179,1.0,False,True
2026-08-07,KR2055022G82,전북지역개발26-08,전라북도,지방채,,2026-08-31,2031-08-31,1850.0,2.0,,8937.0,4.258,730704000,653281360,,False,True
2026-08-07,KR2066022C59,전남지역개발22-05,전남광주통합특별시,지방채,,2022-05-31,2027-05-31,297.0,1.05,12개월,10257.2,3.34,500000,512860,1.0,False,True
2026-08-07,KR2077022G78,경북지역개발26-07,경상북도,지방채,,2026-07-31,2031-07-31,1819.0,2.0,12개월,8977.0,4.24,735345000,658651596,1.0,False,True
2026-08-07,KR2077022G86,경북지역개발26-08,경상북도,지방채,,2026-08-31,2031-08-31,1850.0,2.0,,8937.0,4.258,1611428000,1440379622,,False,True
2026-08-07,KR2088022G75,경남지역개발26-07,경상남도,지방채,,2026-07-31,2031-07-31,1819.0,2.0,12개월,8977.0,4.24,223263000,199961799,1.0,False,True
2026-08-07,KR2088022G83,경남지역개발26-08,경상남도,지방채,,2026-08-31,2031-08-31,1850.0,2.0,,8937.0,4.258,289029000,258424680,,False,True
2026-08-07,KR2099032G70,제주지역개발26-07,제주도,지방채,,2026-07-31,2031-07-31,1819.0,2.0,12개월,8977.0,4.24,183085000,164029593,1.0,False,True
2026-08-07,KR2099032G88,제주지역개발26-08,제주도,지방채,,2026-08-31,2031-08-31,1850.0,2.0,,8937.0,4.258,138811000,124118106,,False,True
2026-08-07,KR2100012G70,창원지역개발26-07,창원시청,지방채,,2026-07-31,2031-07-31,1819.0,2.0,12개월,8970.0,4.256,52820000,47379540,1.0,False,True
2026-08-07,KR2100012G88,창원지역개발26-08,창원시청,지방채,,2026-08-31,2031-08-31,1850.0,2.0,,8937.0,4.258,11728000,10484572,,False,True
2026-08-07,KR2101012G78,세종지역개발26-07,세종특별자치시,지방채,,2026-07-31,2031-07-31,1819.0,2.0,12개월,8977.0,4.24,160057000,143292845,1.0,False,True
2026-08-07,KR2101012G86,세종지역개발26-08,세종특별자치시,지방채,,2026-08-31,2031-08-31,1850.0,2.0,,8937.0,4.258,135180000,120867443,,False,True
2026-08-07,KR2106012G77,전남광주지역개발26-07,전남광주통합특별시,지방채,,2026-07-31,2031-07-31,1819.0,2.0,12개월,8977.0,4.24,691240000,619370182,1.0,False,True
2026-08-07,KR2106012G85,전남광주지역개발26-08,전남광주통합특별시,지방채,,2026-08-31,2031-08-31,1850.0,2.0,,8937.0,4.258,1601429000,1431598877,,False,True
2026-08-07,KR310502GC82,기업은행 조건부(상)2208이(신)영B-12(사),중소기업은행,금융채,AA0,2022-08-12,9999-12-31,,4.59,3개월,10053.0,4.615,11640000,11701692,4.0,True,True
2026-08-07,KR310506AFB6,기업은행(단)2511할304A-17,중소기업은행,금융채,AAA,2025-11-17,2026-09-17,41.0,2.78,12개월,9961.6,3.431,44250000,44074851,1.0,False,True
2026-08-07,KR350101GB92,한국전력1067,한국전력공사,특수채,AAA,2021-09-03,2026-09-03,27.0,1.938,6개월,10073.0,3.233,1100000,1108030,2.0,False,True
2026-08-07,KR350103G9B0,한국전력1004,한국전력공사,특수채,AAA,2019-11-14,2026-11-14,99.0,1.862,6개월,10018.9,2.752,20000,20036,2.0,False,True
2026-08-07,KR350103GA18,한국전력1016,한국전력공사,특수채,AAA,2020-01-10,2027-01-10,156.0,1.79,6개월,9958.0,3.115,20000,19916,2.0,False,True
2026-08-07,KR350103GBB9,한국전력1085(지),한국전력공사,특수채,AAA,2021-11-04,2026-11-04,89.0,2.528,6개월,10035.6,3.741,66050000,66288093,2.0,False,True
2026-08-07,KR350104GA25,한국전력1021,한국전력공사,특수채,AAA,2020-02-25,2027-02-25,202.0,1.515,6개월,9981.5,3.115,22320000,22241912,2.0,False,True
2026-08-07,KR350105GEA0,한국전력1428,한국전력공사,특수채,AAA,2024-10-15,2026-10-15,69.0,3.229,6개월,10110.0,2.699,60000,60660,2.0,False,True
2026-08-07,KR350107GB96,한국전력1073,한국전력공사,특수채,AAA,2021-09-23,2026-09-23,47.0,2.059,6개월,10055.7,3.679,19940000,20051065,2.0,False,True
2026-08-07,KR350201GAB3,서울교통공사2020-4,서울교통공사,지방채,AAA,2020-11-03,2027-11-03,453.0,1.61,3개월,9776.8,3.472,100760000,98185035,4.0,False,True
2026-08-07,KR354404GB98,주택금융공사MBS2021-20(1-4)(사),한국주택금융공사,유동화증권,AAA,2021-09-03,2026-09-03,27.0,1.876,3개월,10000.0,6.392,300000,300000,4.0,True,True
2026-08-07,KR356101DE40,토지주택채권(용지)24-04,한국토지주택공사,특수채,AAA,2024-04-30,2027-04-30,266.0,3.05,12개월,10610.0,4.306,250000,265250,1.0,False,True
2026-08-07,KR356101DFB5,토지주택채권(용지)25-11,한국토지주택공사,특수채,AAA,2025-11-30,2028-11-30,846.0,2.22,12개월,9710.0,4.19,1000000,971000,1.0,False,True
2026-08-07,KR356101DG89,토지주택채권(용지)26-08,한국토지주택공사,특수채,AAA,2026-08-31,2029-08-31,1120.0,2.66,,9400.0,4.69,3000000,2820000,,False,True
2026-08-07,KR3561027243,토지주택채권125,한국토지주택공사,특수채,AAA,2012-04-03,2032-04-03,2066.0,4.41,1개월,10000.0,4.419,100000,100000,12.0,False,True
2026-08-07,KR3561127225,토지주택채권112,한국토지주택공사,특수채,AAA,2012-02-22,2032-02-22,2025.0,4.35,1개월,9960.0,4.469,520000,517820,12.0,False,True
2026-08-07,KR356801G6A0,울산항만공사3,울산항만공사,특수채,AAA,2016-11-15,2026-11-15,100.0,2.27,6개월,10020.0,3.433,10000000,10020000,2.0,False,True
2026-08-07,KR380601GE34,수산금융채권(은행)24-03이영구(신종)-14,수협은행,금융채,A+,2024-03-14,9999-12-31,,4.9,3개월,9977.0,4.946,43410000,43299060,4.0,True,True
2026-08-07,KR380801AG36,한국수출입금융2603바-할인-184,한국수출입은행,금융채,AAA,2026-03-17,2026-09-17,41.0,2.75,12개월,9965.6,3.073,98270000,97931950,1.0,False,True
2026-08-07,KR380807GE85,한국수출입금융2408자-이표-2,한국수출입은행,금융채,AAA,2024-08-21,2026-08-21,14.0,3.2,3개월,10069.5,2.74,10000,10069,4.0,False,True
2026-08-07,KR381001G9A0,농금(은행)조건부(상)2019-10이10Y-갑(후),농협은행,금융채,AA0,2019-10-23,2029-10-23,1173.0,2.15,3개월,9600.0,3.501,20000,19200,4.0,False,True
2026-08-07,KR381001GD70,농업금융채권(은행)2023-07이-A(신종),농협은행,금융채,AA-,2023-07-04,9999-12-31,,5.3,3개월,10015.0,5.317,9880000,9894820,4.0,True,True
2026-08-07,KR381002GC47,농업금융채권(은행)2022-04이-A(신종),농협은행,금융채,AA-,2022-04-15,9999-12-31,,4.3,3개월,10000.0,4.311,20000,20000,4.0,True,True
2026-08-07,KR381003GD86,농업금융채권(은행)2023-08이3Y-C,,,,,,,,,10090.0,45.589,499100000,548867900,,,
2026-08-07,KR6000011D31,신한은행27-03-이-영구5갑(신),신한은행,금융채,AA-,2023-03-07,9999-12-31,,4.63,1개월,9990.0,4.634,2080000,2077920,12.0,True,True
2026-08-07,KR6000011E48,신한은행28-04-이-영구5갑(신),신한은행,금융채,AA-,2024-04-02,9999-12-31,,4.19,1개월,9957.0,4.21,20000,19914,12.0,True,True
2026-08-07,KR6000012C56,신한은행26-05-이-영구5갑(신),신한은행,금융채,AA-,2022-05-03,9999-12-31,,4.5,3개월,10000.0,4.502,10000,10000,4.0,True,True
2026-08-07,KR6000014CA7,신한은행26-10-이-영구5갑(신),신한은행,금융채,AA-,2022-10-17,9999-12-31,,5.7,1개월,10300.0,5.551,15000000,15450000,12.0,True,True
2026-08-07,KR6000014F44,신한은행29-04-이-1.5-A,신한은행,금융채,AAA,2025-04-23,2026-10-23,77.0,2.55,3개월,9985.0,3.769,20970000,20940393,4.0,False,True
2026-08-07,KR6000017F41,신한은행29-04-이-영구5갑(신),신한은행,금융채,AA-,2025-04-30,9999-12-31,,3.45,3개월,9350.0,3.692,20000,18700,4.0,True,True
2026-08-07,KR600001AFA9,신한은행29-10-할-12M-D,신한은행,금융채,AAA,2025-10-30,2026-10-30,84.0,2.59,12개월,9920.1,3.499,524870000,520686239,1.0,False,True
2026-08-07,KR6000153E38,두산310-2,두산,회사채,BBB+,2024-03-12,2027-03-12,217.0,4.801,3개월,10125.0,3.913,650000,658125,4.0,False,True
2026-08-07,KR6000153F11,두산312-2,두산,회사채,BBB+,2025-01-22,2028-01-21,532.0,4.178,3개월,10055.0,3.915,150000,150825,4.0,False,True
2026-08-07,KR6000371C36,한화손해보험12(후),한화손해보험,금융채,AA-,2022-03-07,2032-03-07,2039.0,4.9,3개월,10050.0,4.963,40000000,40200500,4.0,True,True
2026-08-07,KR6000371C93,한화손해보험신종자본증권 14,한화손해보험,금융채,A+,2022-09-29,2052-09-29,9550.0,6.5,3개월,10120.0,6.458,110180000,111369159,4.0,True,True
2026-08-07,KR6000371E83,한화손해보험15(후),한화손해보험,금융채,AA-,2024-08-29,2034-08-29,2944.0,4.78,3개월,9891.0,5.083,100000,98910,4.0,True,True
2026-08-07,KR6000401A57,롯데손해보험8(후),롯데손해보험,금융채,BBB+,2020-05-07,2030-05-07,1369.0,6.08,3개월,8945.0,9.454,12750000,11363850,4.0,True,True
2026-08-07,KR6000401BC4,롯데손해보험신종자본증권 3,롯데손해보험,금융채,BBB0,2021-12-17,2051-12-17,9263.0,6.8,3개월,7950.0,8.944,59870000,47625892,4.0,True,True
2026-08-07,KR6000401C97,롯데손해보험9(후),롯데손해보험,금융채,BBB+,2022-09-02,2032-09-02,2218.0,6.9,1개월,9170.0,8.683,2660000,2436700,12.0,True,True
2026-08-07,KR6000401D70,롯데손해보험11(후),롯데손해보험,금융채,BBB+,2023-07-31,2033-07-31,2550.0,7.5,1개월,9387.0,8.701,950000,890655,12.0,True,True
2026-08-07,KR6000401DC0,롯데손해보험13(후),롯데손해보험,금융채,BBB+,2023-12-04,2033-12-04,2676.0,7.29,1개월,9200.0,8.785,1210000,1105050,12.0,True,True
2026-08-07,KR6000401E61,롯데손해보험15(후),롯데손해보험,금융채,BBB+,2024-06-28,2034-06-28,2882.0,6.8,3개월,8850.5,8.978,2000000,1770188,4.0,True,True
2026-08-07,KR6000401EB0,롯데손해보험17(후),롯데손해보험,금융채,BBB+,2024-11-12,2034-11-12,3019.0,6.2,1개월,8799.5,8.283,12010000,10567201,12.0,True,True
2026-08-07,KR6000541C56,흥국화재신종자본증권3,흥국화재해상보험,금융채,A-,2022-05-31,2052-05-31,9429.0,6.5,3개월,9825.0,6.741,16420000,16157566,4.0,True,True
2026-08-07,KR6000541E96,흥국화재22(후),흥국화재해상보험,금융채,A0,2024-09-26,2034-09-26,2972.0,6.3,1개월,9395.0,7.322,11230000,10460825,12.0,True,True
2026-08-07,KR6000541F38,흥국화재신종자본증권5,흥국화재해상보험,금융채,A-,2025-03-21,2055-03-21,10453.0,6.1,3개월,9000.0,6.971,4040000,3635469,4.0,True,True
2026-08-07,KR60007K1G22,대신자산신탁6,대신자산신탁,금융채,BBB+,2026-02-05,2027-08-05,363.0,5.69,3개월,10050.0,5.202,32700000,32863500,4.0,False,True
2026-08-07,KR6000821EA1,롯데건설149-1,롯데건설,회사채,A0,2024-10-25,2026-10-23,77.0,5.4,1개월,10030.0,4.86,59560000,59715893,12.0,False,True
2026-08-07,KR6000822EA9,롯데건설149-2,롯데건설,회사채,A0,2024-10-25,2027-10-25,444.0,5.7,1개월,10019.0,5.707,11980000,11968912,12.0,False,True
2026-08-07,KR6001792F40,대한제당127,대한제당,회사채,A-,2025-04-30,2028-04-28,630.0,3.663,3개월,9864.1,4.535,100000,98641,4.0,False,True
2026-08-07,KR6002322F13,한진122-2,한진,회사채,BBB+,2025-01-21,2028-01-21,532.0,4.141,3개월,10020.0,4.133,1500000,1502999,4.0,False,True
2026-08-07,KR6002322F54,한진123-2,한진,회사채,BBB+,2025-05-28,2028-05-26,658.0,4.043,3개월,10020.0,4.379,15290000,15317800,4.0,False,True
2026-08-07,KR6002322G12,한진126-2,한진,회사채,BBB+,2026-01-22,2029-01-22,899.0,4.135,3개월,9652.0,5.741,350000,337820,4.0,False,True
2026-08-07,KR6002551F31,케이비손해보험3(후),케이비손해보험,금융채,AA0,2025-03-12,2035-03-12,3139.0,4.2,3개월,9565.5,4.913,1240000,1184714,4.0,True,True
2026-08-07,KR6003342F25,SK에코플랜트182-2,SK에코플랜트,회사채,A-,2025-02-18,2026-08-18,11.0,4.532,1개월,10028.0,3.293,16600000,16646480,12.0,False,True
2026-08-07,KR6003342G24,SK에코플랜트185-1,SK에코플랜트,회사채,A-,2026-02-24,2027-02-24,201.0,3.907,1개월,9990.0,4.365,40000,39960,12.0,False,True
2026-08-07,KR6003343F24,SK에코플랜트182-3,SK에코플랜트,회사채,A-,2025-02-18,2027-02-18,195.0,4.656,1개월,10040.0,4.368,10000,10040,12.0,False,True
2026-08-07,KR6003343G72,SK에코플랜트186-3,SK에코플랜트,회사채,A-,2026-07-30,2028-07-30,723.0,5.153,1개월,10073.0,4.824,157720000,158863360,12.0,False,True
2026-08-07,KR6003412B99,쌍용씨앤이316-2,쌍용씨앤이,회사채,A-,2021-09-16,2026-09-16,40.0,2.962,3개월,10006.1,6.247,600000,600305,4.0,False,True
2026-08-07,KR6003492E24,대한항공106-2,대한항공,회사채,A0,2024-02-28,2027-02-26,203.0,4.499,3개월,10110.0,4.069,65600000,66321600,4.0,False,True
2026-08-07,KR6003492E65,대한항공107-2,대한항공,회사채,A0,2024-06-25,2027-06-25,322.0,3.989,3개월,10050.0,3.946,10000000,10050000,4.0,False,True
2026-08-07,KR6003492EA8,대한항공108-2,대한항공,회사채,A0,2024-10-23,2029-10-23,1173.0,4.135,3개월,9800.0,4.868,3210000,3144800,4.0,False,True
2026-08-07,KR6003492G63,대한항공118-2,대한항공,회사채,A0,2026-06-11,2029-06-11,1039.0,4.71,3개월,10090.0,4.644,55710000,56211390,4.0,False,True
2026-08-07,KR6003493E23,대한항공106-3,대한항공,회사채,A0,2024-02-28,2029-02-28,936.0,4.794,3개월,10130.0,4.636,20000000,20260000,4.0,False,True
2026-08-07,KR6003493F97,대한항공112-3,대한항공,회사채,A0,2025-09-30,2032-09-30,2246.0,3.73,3개월,9600.0,4.551,142010000,136331563,4.0,False,True
2026-08-07,KR6003691D32,코리안리재보험신종자본증권 5,코리안리재보험,금융채,AA0,2023-03-16,2053-03-16,9718.0,5.5,1개월,10071.0,5.472,20430000,20668266,12.0,True,True
2026-08-07,KR60040529A4,에이치디현대오일뱅크121-2,에이치디현대오일뱅크,회사채,AA-,2019-10-14,2026-10-14,68.0,1.882,3개월,9993.2,2.916,10330000,10302205,4.0,False,True
2026-08-07,KR6005283F96,부산은행2025-09이1A-26,부산은행,금융채,AAA,2025-09-26,2026-09-26,50.0,2.59,3개월,10013.9,3.737,2000000,2002780,4.0,False,True
2026-08-07,KR6005831G68,DB손보신종자본증권 4,디비손해보험,금융채,AA0,2026-06-09,2056-06-09,10899.0,5.3,3개월,10081.0,5.302,20000,20162,4.0,True,True
2026-08-07,KR6006221E25,제주은행 조건부(상)6(신종-영구-5콜)(사),제주은행,금융채,A+,2024-02-28,9999-12-31,,5.65,3개월,10050.0,5.683,9200000,9246000,4.0,True,True
2026-08-07,KR6008272F69,산은캐피탈768-2,산은캐피탈,금융채,AA-,2025-06-23,2027-12-23,503.0,2.802,3개월,9872.1,4.016,51020000,50367453,4.0,False,True
2026-08-07,KR6009201F22,무림페이퍼106,무림페이퍼,회사채,A-,2025-02-14,2028-02-14,556.0,4.395,3개월,9912.7,5.7,50000,49563,4.0,False,True
2026-08-07,KR6011331FB3,유니켐41,유니켐,회사채,BB-,2025-11-10,2028-11-10,826.0,3.0,3개월,7400.0,20.37,4830000,3573939,4.0,True,True
2026-08-07,KR6011791G23,SKC146-1,SKC,회사채,A0,2026-02-03,2028-02-03,545.0,4.223,1개월,9998.0,4.268,2020000,2019598,12.0,False,True
2026-08-07,KR6023532E16,롯데쇼핑98-2,롯데쇼핑,회사채,AA-,2024-01-18,2027-01-18,164.0,4.267,3개월,10020.0,4.335,5220000,5226680,4.0,False,True
2026-08-07,KR6023764E98,한국캐피탈535-4,한국캐피탈,금융채,A0,2024-09-25,2026-09-23,47.0,4.969,3개월,10053.0,5.37,100000,100530,4.0,False,True
2026-08-07,KR6023764F22,한국캐피탈542-1,한국캐피탈,금융채,A0,2025-02-20,2026-08-20,13.0,4.244,3개월,10080.0,7.329,4960000,4998720,4.0,False,True
2026-08-07,KR6023765F39,한국캐피탈544-1,한국캐피탈,금융채,A0,2025-03-26,2026-09-22,46.0,4.214,3개월,10055.7,3.621,30000,30150,4.0,False,True
2026-08-07,KR6023766F46,한국캐피탈546-3,한국캐피탈,금융채,A0,2025-04-28,2027-04-28,264.0,4.044,3개월,9977.6,4.514,5640000,5627364,4.0,False,True
2026-08-07,KR602376AG79,한국캐피탈571-5,한국캐피탈,금융채,A0,2026-07-30,2028-07-28,721.0,5.243,3개월,10011.0,5.244,700000000,700770000,4.0,False,True
2026-08-07,KR6023785F19,신한캐피탈507-5,신한캐피탈,금융채,AA-,2025-01-09,2028-01-07,518.0,3.157,3개월,9903.6,4.04,2250000,2228310,4.0,False,True
2026-08-07,KR6025102E37,포스코이앤씨63-2,포스코이앤씨,회사채,A+,2024-03-08,2027-03-08,213.0,4.747,3개월,10020.1,5.739,27800000,27855878,4.0,False,True
2026-08-07,KR6025901F39,동화기업23,동화기업,회사채,BBB+,2025-03-10,2027-03-10,215.0,5.1,1개월,9900.0,7.499,215720000,213689100,12.0,False,True
2026-08-07,KR6025901G61,동화기업25,동화기업,회사채,BBB+,2026-06-01,2027-12-01,481.0,6.5,1개월,9786.0,8.304,19820000,19395852,12.0,False,True
2026-08-07,KR6029272D91,SK실트론49-2,에스케이실트론,회사채,A+,2023-09-06,2026-09-04,28.0,5.079,3개월,10094.9,3.917,2650000,2675165,4.0,False,True
2026-08-07,KR6029692E50,롯데캐피탈461-2,롯데캐피탈,금융채,A+,2024-05-24,2027-05-24,290.0,5.025,3개월,10147.5,4.442,700000,710325,4.0,False,True
2026-08-07,KR6029693BB5,롯데캐피탈424-3,롯데캐피탈,금융채,A+,2021-11-11,2026-11-11,96.0,2.696,3개월,10000.0,5.198,10000,10000,4.0,False,True
2026-08-07,KR602969DE48,롯데캐피탈460-4,롯데캐피탈,금융채,A+,2024-04-30,2027-04-30,266.0,5.189,3개월,10049.5,4.65,35090000,35247863,4.0,False,True
2026-08-07,KR60302039A7,KT192-3,케이티,회사채,AAA,2019-10-11,2029-10-11,1161.0,1.622,3개월,9250.0,4.195,5000000,4625000,4.0,False,True
2026-08-07,KR6030625E76,롯데카드신종자본증권 2,롯데카드,금융채,A0,2024-07-15,2054-07-15,10204.0,5.68,1개월,8791.0,6.662,46470000,39956214,12.0,True,True
2026-08-07,KR6030627E58,롯데카드신종자본증권 1,롯데카드,금융채,A0,2024-05-14,2054-05-14,10142.0,5.99,1개월,8871.0,6.939,306760000,269514176,12.0,True,True
2026-08-07,KR6031012F33,롯데물산15-2,롯데물산,회사채,A+,2025-03-06,2028-03-06,577.0,3.553,3개월,9850.0,4.938,4170000,4107450,4.0,False,True
2026-08-07,KR6034021E94,두산에너빌리티79-1,두산에너빌리티,회사채,A-,2024-09-11,2026-09-11,35.0,4.1,3개월,10069.0,3.498,24200000,24361616,4.0,False,True
2026-08-07,KR6034022E93,두산에너빌리티79-2,두산에너빌리티,회사채,A-,2024-09-11,2027-09-10,399.0,4.571,3개월,10099.7,4.296,13310000,13441926,4.0,False,True
2026-08-07,KR6034222B94,엘지디스플레이43-2(녹),LG디스플레이,회사채,A0,2021-09-14,2026-09-14,38.0,2.792,3개월,10034.0,3.455,24120000,24202008,4.0,False,True
2026-08-07,KR6034612G48,한화호텔앤드리조트50-2,한화호텔앤드리조트,회사채,A-,2026-04-09,2028-04-07,609.0,4.388,3개월,9990.0,4.666,10350000,10339650,4.0,False,True
2026-08-07,KR6034831E86,한국토지신탁45-1,한국토지신탁,금융채,A-,2024-08-28,2026-08-28,21.0,6.365,1개월,10032.0,3.715,20000,20064,12.0,False,True
2026-08-07,KR6034832E28,한국토지신탁44-2,한국토지신탁,금융채,A-,2024-02-22,2027-02-22,199.0,7.402,1개월,10154.0,5.103,1000000,1015400,12.0,False,True
2026-08-07,KR6035651G21,이랜드월드107,이랜드월드,회사채,BBB0,2026-02-06,2027-02-05,182.0,6.7,1개월,9997.8,6.782,165140000,164591083,12.0,False,True
2026-08-07,KR6035651G47,이랜드월드108,이랜드월드,회사채,BBB0,2026-04-23,2027-04-23,259.0,6.306,1개월,9978.9,6.978,128600000,127887799,12.0,False,True
2026-08-07,KR6035652F88,이랜드월드106-2,이랜드월드,회사채,BBB0,2025-08-29,2027-02-26,203.0,6.8,1개월,10030.0,6.548,20000,20060,12.0,False,True
2026-08-07,KR6039331F97,에스엘엘중앙21,에스엘엘중앙,회사채,B-,2025-09-24,2026-09-23,47.0,7.6,1개월,9499.0,51.048,107530000,101385881,12.0,False,True
2026-08-07,KR6039331G13,에스엘엘중앙22,에스엘엘중앙,회사채,B-,2026-01-30,2027-07-30,357.0,7.8,1개월,8400.0,26.756,40660000,34154600,12.0,False,True
2026-08-07,KR6039331G47,에스엘엘중앙23,에스엘엘중앙,회사채,B-,2026-04-30,2028-04-28,630.0,8.5,1개월,8200.0,21.174,19050000,15620296,12.0,False,True
2026-08-07,KR6042662EB7,한화오션8-2,한화오션,회사채,A-,2024-11-27,2026-11-27,112.0,4.689,3개월,10100.0,4.407,28010000,28371220,4.0,False,True
2026-08-07,KR6042662F25,한화오션10-2,한화오션,회사채,A-,2025-02-19,2028-02-18,560.0,4.571,3개월,10072.0,4.756,1080000,1087776,4.0,False,True
2026-08-07,KR6042662F74,한화오션11-2,한화오션,회사채,A-,2025-07-24,2028-07-24,717.0,4.02,3개월,9995.0,4.127,3160000,3158210,4.0,False,True
2026-08-07,KR6042662G24,한화오션12-2,한화오션,회사채,A-,2026-02-11,2029-02-09,917.0,4.187,3개월,9950.0,4.826,14950000,14875250,4.0,False,True
2026-08-07,KR6046291F90,엠지캐피탈387-1,엠지캐피탈,금융채,A0,2025-09-26,2026-09-23,47.0,3.723,3개월,10040.0,3.927,5090000,5110920,4.0,False,True
2026-08-07,KR6046291FC6,엠지캐피탈392-1,엠지캐피탈,금융채,A0,2025-12-12,2026-12-10,125.0,4.088,3개월,10040.0,4.737,10000,10040,4.0,False,True
2026-08-07,KR6046292FC4,엠지캐피탈392-2,엠지캐피탈,금융채,A0,2025-12-12,2026-12-11,126.0,4.088,1개월,10031.6,3.998,30000,30094,12.0,False,True
2026-08-07,KR6046293F23,엠지캐피탈377-3,엠지캐피탈,금융채,A0,2025-02-11,2027-02-11,188.0,4.759,1개월,9960.0,6.245,20030000,19949880,12.0,False,True
2026-08-07,KR6046294EA7,엠지캐피탈368-2,엠지캐피탈,금융채,A0,2024-10-25,2026-10-23,77.0,5.656,3개월,10038.0,4.791,80000,80304,4.0,False,True
2026-08-07,KR6046297F11,엠지캐피탈376-3,엠지캐피탈,금융채,A0,2025-01-23,2027-01-22,168.0,4.81,1개월,10032.0,4.53,20000,20064,12.0,False,True
2026-08-07,KR6046297F29,엠지캐피탈378-3,엠지캐피탈,금융채,A0,2025-02-21,2027-02-19,196.0,4.731,1개월,10034.9,4.478,10000,10034,12.0,False,True
2026-08-07,KR6046297FA7,엠지캐피탈389-2,엠지캐피탈,금융채,A0,2025-10-31,2027-04-30,266.0,3.795,,9946.0,4.65,10640000,10578334,,False,True
2026-08-07,KR6046297FB5,엠지캐피탈391-1,엠지캐피탈,금융채,A0,2025-11-27,2026-11-27,112.0,3.986,3개월,10032.5,5.494,500000,501625,4.0,False,True
2026-08-07,KR6048711EA8,여천NCC84-1,여천NCC,회사채,BBB+,2024-10-17,2026-10-16,70.0,5.5,3개월,10020.0,6.094,9880000,9899760,4.0,False,True
2026-08-07,KR6048712EA6,여천NCC84-2,여천NCC,회사채,BBB+,2024-10-17,2027-10-15,434.0,5.8,3개월,9950.0,6.527,690000,687230,4.0,False,True
2026-08-07,KR6051913B27,LG화학54-3(지),LG화학,회사채,AA0,2021-02-19,2028-02-19,561.0,1.758,3개월,9739.2,3.774,60000,58435,4.0,False,True
2026-08-07,KR6055551C16,신한금융조건부(상)11-1(신종-영구-5콜),신한금융지주회사,금융채,AA-,2022-01-25,9999-12-31,,3.9,3개월,9901.0,3.944,990000,980199,4.0,True,True
2026-08-07,KR6055551D72,신한금융조건부(상)14(신종-영구-5콜),신한금융지주회사,금융채,AA-,2023-07-13,9999-12-31,,5.4,3개월,10230.0,5.297,20000000,20450000,4.0,True,True
2026-08-07,KR6060005C67,국민은행조건부(상)4206이(03)영신23,국민은행,금융채,AA-,2022-06-23,9999-12-31,,4.89,3개월,10000.0,4.919,10000,10000,4.0,True,True
2026-08-07,KR6064981B19,한국남동발전48-1(녹),한국남동발전,회사채,AAA,2021-01-26,2031-01-26,1633.0,1.9,3개월,9150.0,4.002,20000,18300,4.0,False,True
2026-08-07,KR606590A792,현대카드704-2,현대카드,금융채,AA+,2017-09-19,2027-09-19,408.0,3.0,1개월,9938.0,3.708,20000,19876,12.0,True,True
2026-08-07,KR6066574924,LG전자93-4,LG전자,회사채,AA0,2019-02-21,2034-02-21,2755.0,2.954,3개월,9120.0,4.431,50000,45600,4.0,False,True
2026-08-07,KR6066971F95,엘앤에프7,엘앤에프,회사채,BB0,2025-09-09,2030-09-09,1494.0,1.0,3개월,9608.0,4.477,116430000,111767900,4.0,True,True
2026-08-07,KR6067171G17,오텍13,오텍,회사채,BB-,2026-01-12,2031-01-12,1619.0,4.0,3개월,9010.0,6.673,80240000,73820040,4.0,True,True
2026-08-07,KR6068172BB2,한국동서발전40-2,한국동서발전,회사채,AAA,2021-11-03,2026-11-03,88.0,2.761,3개월,9982.5,3.624,301910000,301421733,4.0,False,True
2026-08-07,KR6073981D59,교보생명보험신종자본증권 4(지),교보생명보험,금융채,AA0,2023-05-12,2053-05-12,9775.0,5.8,3개월,10190.0,5.761,9450000,9662850,4.0,True,True
2026-08-07,KR6073981EB3,교보생명보험신종자본증권 6,교보생명보험,금융채,AA0,2024-11-12,2054-11-12,10324.0,4.6,3개월,9800.0,4.8,10000,9800,4.0,True,True
2026-08-07,KR6079161C75,씨제이 씨지브이35CB(신종),씨제이씨지브이,회사채,BBB+,2022-07-21,2052-07-21,9480.0,0.5,3개월,10379.0,0.0,379750000,393661440,4.0,True,True
2026-08-07,KR6079161F72,씨제이 씨지브이41-1,씨제이씨지브이,회사채,A-,2025-07-21,2027-01-21,167.0,5.45,3개월,10016.0,5.649,89720000,89881513,4.0,False,True
2026-08-07,KR6079162F71,씨제이 씨지브이41-2,씨제이씨지브이,회사채,A-,2025-07-21,2027-07-21,348.0,5.6,3개월,10004.8,5.825,36900000,36840445,4.0,False,True
2026-08-07,KR6082481C98,에이비엘생명보험1(후),에이비엘생명보험,금융채,A+,2022-09-29,2032-09-29,2245.0,6.7,1개월,10130.0,6.474,60830000,61621300,12.0,True,True
2026-08-07,KR6082481D30,에이비엘생명보험2(후),에이비엘생명보험,금융채,A+,2023-03-14,2033-03-14,2411.0,6.6,1개월,10168.5,6.365,62740000,63765174,12.0,True,True
2026-08-07,KR6082481E96,에이비엘생명보험3(후),에이비엘생명보험,금융채,A+,2024-09-30,2034-09-30,2976.0,5.9,1개월,10040.0,5.857,191510000,191326192,12.0,True,True
2026-08-07,KR6082481EC1,에이비엘생명보험4(후),에이비엘생명보험,금융채,A+,2024-12-06,2034-12-06,3043.0,5.4,1개월,9785.0,5.727,123150000,121665267,12.0,True,True
2026-08-07,KR6086521F23,에코프로26-1,에코프로,회사채,BBB+,2025-02-24,2026-08-24,17.0,4.9,3개월,10109.0,2.89,10000,10109,4.0,False,True
2026-08-07,KR6086791C60,하나금융조건부(상)11,하나금융지주,금융채,AA-,2022-06-10,9999-12-31,,4.55,3개월,10047.0,4.561,10000,10047,4.0,True,True
2026-08-07,KR6086791D85,하나금융조건부(상)13,하나금융지주,금융채,AA-,2023-08-07,9999-12-31,,5.25,3개월,10020.0,5.239,31980000,32043960,4.0,True,True
2026-08-07,KR6086891DC9,이수앱지스8CB,이수앱지스,회사채,B+,2023-12-22,2026-12-22,137.0,3.0,3개월,10551.0,0.0,302550000,329345728,4.0,True,True
2026-08-07,KR6086951C66,푸본현대생명보험20(후),푸본현대생명보험,금융채,A-,2022-06-28,2032-06-28,2152.0,6.2,3개월,9800.0,6.752,46270000,45342796,4.0,True,True
2026-08-07,KR6086951D40,푸본현대생명보험23(후),푸본현대생명보험,금융채,A-,2023-04-26,2033-04-26,2454.0,7.3,1개월,9324.0,8.677,4740000,4529927,12.0,True,True
2026-08-07,KR6086951D65,푸본현대생명보험24(후),푸본현대생명보험,금융채,A-,2023-06-16,2033-06-16,2505.0,7.28,1개월,9332.0,8.658,14220000,13410252,12.0,True,True
2026-08-07,KR6086951E31,푸본현대생명보험26(후),푸본현대생명보험,금융채,A-,2024-03-15,2034-03-15,2777.0,6.9,1개월,8955.0,8.871,60000,54452,12.0,True,True
2026-08-07,KR6086951E56,푸본현대생명보험27(후),푸본현대생명보험,금융채,A-,2024-05-31,2034-05-31,2854.0,7.0,1개월,9059.0,8.686,224290000,202111082,12.0,True,True
2026-08-07,KR6087801E80,케이디비생명보험12(후),KDB생명보험,금융채,A0,2024-08-30,2034-08-30,2945.0,5.82,1개월,9880.0,6.027,7080000,6995040,12.0,True,True
2026-08-07,KR6088351C68,한화생명보험3(후),한화생명보험,금융채,AA+,2022-06-17,2032-06-17,2141.0,5.3,3개월,10039.0,5.368,52490000,52678466,4.0,True,True
2026-08-07,KR6088351D83,한화생명보험4(후),한화생명보험,금융채,AA+,2023-08-02,2033-08-02,2552.0,6.0,3개월,10165.0,5.725,33700000,34160761,4.0,True,True
2026-08-07,KR6088351E74,한화생명보험신종자본증권 5,한화생명보험,금융채,AA0,2024-07-17,2054-07-17,10206.0,4.8,3개월,9715.0,5.008,50200000,48892190,4.0,True,True
2026-08-07,KR6095081C37,흥국생명보험신종자본증권 2,흥국생명보험,금융채,A+,2022-03-31,2052-03-31,9368.0,4.8,3개월,9939.0,4.875,160000000,159024000,4.0,True,True
2026-08-07,KR6095081C94,흥국생명보험8(후),흥국생명보험,금융채,AA-,2022-09-29,2032-09-29,2245.0,6.2,1개월,10100.0,6.033,11350000,11462237,12.0,True,True
2026-08-07,KR6095081F26,흥국생명보험9(후),흥국생명보험,금융채,AA-,2025-02-28,2035-02-28,3127.0,4.8,3개월,9550.0,5.602,12620000,12052110,4.0,True,True
2026-08-07,KR6095231FC2,애큐온캐피탈252-1,애큐온캐피탈,금융채,A0,2025-12-23,2026-11-23,108.0,4.088,3개월,10054.9,3.911,20000,20108,4.0,False,True
2026-08-07,KR6095232FB2,애큐온캐피탈251-2,애큐온캐피탈,금융채,A0,2025-11-10,2027-05-10,276.0,3.928,3개월,10020.0,4.941,20000,20040,4.0,False,True
2026-08-07,KR6095234F22,애큐온캐피탈241-4,애큐온캐피탈,금융채,A0,2025-02-12,2027-02-12,189.0,4.589,1개월,10042.4,4.384,10000,10042,12.0,False,True
2026-08-07,KR6095234F30,애큐온캐피탈243-4,애큐온캐피탈,금융채,A0,2025-03-12,2027-03-12,217.0,4.527,1개월,10017.0,4.775,24010000,24050821,12.0,False,True
2026-08-07,KR6095235F96,애큐온캐피탈250-5,애큐온캐피탈,금융채,A0,2025-09-15,2028-03-15,586.0,4.029,3개월,9820.0,5.586,2490000,2445180,4.0,False,True
2026-08-07,KR6095237F94,애큐온캐피탈250-7,애큐온캐피탈,금융채,A0,2025-09-15,2028-08-14,738.0,4.233,3개월,10000.0,4.548,14160000,13973000,4.0,False,True
2026-08-07,KR60959219A1,현대커머셜366,현대커머셜,금융채,AA-,2019-10-31,2029-10-31,1181.0,2.791,3개월,9613.0,4.093,20000,19226,4.0,False,True
2026-08-07,KR6103161EB6,풀무원식품신종자본증권 77,풀무원식품,회사채,BBB0,2024-11-13,2054-11-13,10325.0,6.2,3개월,9697.0,6.548,980000,950306,4.0,True,True
2026-08-07,KR6105561C25,KB금융조건부(상)8-1,KB금융지주,금융채,AA-,2022-02-16,9999-12-31,,4.0,3개월,10030.0,4.024,10000,10030,4.0,True,True
2026-08-07,KR6105561C58,KB금융조건부(상)9-1,KB금융지주,금융채,AA-,2022-05-12,9999-12-31,,4.68,3개월,10050.0,4.708,85220000,85603648,4.0,True,True
2026-08-07,KR6105561D24,KB금융조건부(상)11-2,KB금융지주,금융채,AA-,2023-02-03,9999-12-31,,5.03,3개월,9900.0,5.083,930000,920700,4.0,True,True
2026-08-07,KR6105562B58,KB금융조건부(상)6-2(녹),KB금융지주,금융채,AA-,2021-05-28,9999-12-31,,3.6,3개월,9300.0,3.9,22470000,20897100,4.0,True,True
2026-08-07,KR6105563B24,KB금융조건부(상)5-3,KB금융지주,금융채,AA-,2021-02-19,9999-12-31,,3.28,3개월,9290.0,3.557,20090000,18663610,4.0,True,True
2026-08-07,KR6108261B80,케이비라이프생명보험2(후),케이비라이프생명보험,금융채,AA0,2021-08-24,2031-08-24,1843.0,3.61,3개월,10045.0,3.672,1240000,1245218,4.0,True,True
2026-08-07,KR6108672B91,LX하우시스13-2,LX하우시스,회사채,A+,2021-09-29,2026-09-29,53.0,2.678,3개월,10000.0,4.648,360000,360000,4.0,False,True
2026-08-07,KR6120112E42,코오롱인더스트리65-2,코오롱인더스트리,회사채,A0,2024-04-09,2027-04-09,245.0,4.388,3개월,9933.0,5.936,3990000,3963267,4.0,False,True
2026-08-07,KR6123272EB7,코리아세븐30-2,코리아세븐,회사채,A0,2024-11-08,2026-11-06,91.0,4.327,3개월,10105.0,4.407,21840000,22069051,4.0,False,True
2026-08-07,KR6123892E42,한국자산신탁8-2,한국자산신탁,금융채,A-,2024-04-29,2027-04-29,265.0,6.9,1개월,10100.0,5.724,47440000,47944585,12.0,False,True
2026-08-07,KR6123892F25,한국자산신탁9-2,한국자산신탁,금융채,A-,2025-02-24,2028-02-24,566.0,5.619,1개월,10000.0,5.761,4400000,4403000,12.0,False,True
2026-08-07,KR6138041E24,메리츠금융지주신종자본증권 6,메리츠금융지주,금융채,A+,2024-02-22,2054-02-20,10059.0,5.8,3개월,10043.0,5.857,1540000,1545130,4.0,True,True
2026-08-07,KR6138041F49,메리츠금융지주신종자본증권 8,메리츠금융지주,금융채,A+,2025-04-03,2055-04-03,10466.0,4.7,3개월,9575.0,5.009,110350000,105660612,4.0,True,True
2026-08-07,KR6138931D93,BNK금융 조건부(상)10,BNK금융지주,금융채,AA-,2023-09-22,9999-12-31,,5.7,3개월,10120.0,5.672,68960000,69547650,4.0,True,True
2026-08-07,KR6138931E27,BNK금융 조건부(상)11,BNK금융지주,금융채,AA-,2024-02-15,9999-12-31,,4.97,3개월,9901.0,5.077,92490000,91747495,4.0,True,True
2026-08-07,KR6139131D65,iM금융지주7(신종-영구-5콜),아이엠금융지주,금융채,AA-,2023-06-26,9999-12-31,,5.8,3개월,10120.0,5.768,16700000,16833600,4.0,True,True
2026-08-07,KR6139482G18,이마트29-2,이마트,회사채,AA-,2026-01-21,2029-01-21,898.0,3.602,3개월,9950.0,3.887,10000,9950,4.0,False,True
2026-08-07,KR6140481F83,제이티비씨41,제이티비씨,회사채,BBB0,2025-08-01,2027-07-30,357.0,7.8,1개월,3398.0,130.531,800000,271840,12.0,False,True
2026-08-07,KR6140481G25,제이티비씨42,제이티비씨,회사채,BBB0,2026-02-13,2028-02-11,553.0,8.1,,3100.0,97.623,76060000,23548431,,False,True
2026-08-07,KR6140483F24,제이티비씨37-2,제이티비씨,회사채,BBB0,2025-02-19,2027-02-19,196.0,6.7,1개월,3197.9,249.639,1590000,489995,12.0,False,True
2026-08-07,KR6150351D99,삼척블루파워9,삼척블루파워,회사채,A+,2023-09-15,2026-09-15,39.0,7.402,1개월,10078.0,4.311,74140000,74719164,12.0,False,True
2026-08-07,KR6150351E64,삼척블루파워10,삼척블루파워,회사채,A+,2024-06-25,2027-06-25,322.0,6.585,1개월,10115.0,5.513,106070000,107236580,12.0,False,True
2026-08-07,KR6150351E98,삼척블루파워11,삼척블루파워,회사채,A+,2024-09-13,2027-09-13,402.0,6.331,1개월,10145.9,5.36,259120000,261754473,12.0,False,True
2026-08-07,KR6150351F48,삼척블루파워12,삼척블루파워,회사채,A+,2025-04-25,2028-04-25,627.0,5.625,1개월,9979.0,5.874,196300000,195886314,12.0,False,True
2026-08-07,KR6150351F89,삼척블루파워13,삼척블루파워,회사채,A+,2025-08-25,2028-08-25,749.0,5.519,1개월,9970.0,5.774,51790000,51659481,12.0,False,True
2026-08-07,KR6150351G21,삼척블루파워14,삼척블루파워,회사채,A+,2026-02-25,2029-02-23,931.0,6.402,1개월,10074.0,6.181,266650000,268650857,12.0,False,True
2026-08-07,KR6155722G30,한화에너지27-2,한화에너지,회사채,A+,2026-03-03,2029-03-02,938.0,3.913,3개월,9917.5,4.54,5010000,4968667,4.0,False,True
2026-08-07,KR6157181C34,농협생명보험2(후),농협생명보험,금융채,AA0,2022-03-31,2032-03-31,2063.0,4.35,3개월,10000.0,4.439,11710000,11710000,4.0,True,True
2026-08-07,KR6166261FB5,농협금융 조건부(상)8,농협금융지주,금융채,AA-,2025-11-12,9999-12-31,,3.6,3개월,9690.0,3.748,1500000000,1453500000,4.0,True,True
2026-08-07,KR6169371E60,메리츠캐피탈신종자본증권 257,메리츠캐피탈,금융채,A-,2024-06-28,2054-06-28,10187.0,6.65,3개월,10050.0,6.667,3190000,3248595,4.0,True,True
2026-08-07,KR6169376F64,메리츠캐피탈신종자본증권 280,메리츠캐피탈,금융채,A-,2025-06-30,2055-06-30,10554.0,5.39,3개월,9615.0,5.701,10000,9615,4.0,True,True
2026-08-07,KR6169379E54,메리츠캐피탈256-4,메리츠캐피탈,금융채,A+,2024-05-24,2026-08-24,17.0,5.06,3개월,10185.0,-12.433,30000,30555,4.0,False,True
2026-08-07,KR6175331E41,JB금융지주조건부(상)7(신종-영구-5콜),JB금융지주,금융채,A+,2024-04-29,9999-12-31,,5.2,1개월,10039.0,5.186,100000,100390,12.0,True,True
2026-08-07,KR6175331E90,JB금융지주조건부(상)8(신종-영구-5콜),JB금융지주,금융채,A+,2024-09-10,9999-12-31,,4.65,1개월,9750.0,4.786,3320000,3237000,12.0,True,True
2026-08-07,KR6175331EC6,JB금융지주조건부(상)9(신종-영구-5콜),JB금융지주,금융채,A+,2024-12-05,9999-12-31,,4.95,1개월,9900.0,5.001,2020000,1999800,12.0,True,True
2026-08-07,KR6181651DA5,에스케이인천석화신종2,SK인천석유화학,회사채,A0,2023-10-19,2053-10-19,9935.0,7.3,3개월,10050.0,7.289,15440000,15517200,4.0,True,True
2026-08-07,KR6181652C26,에스케이인천석유화학23-2,SK인천석유화학,회사채,A+,2022-02-07,2027-02-05,182.0,3.907,3개월,10020.0,3.498,20000000,20040000,4.0,False,True
2026-08-07,KR6192521C55,경남은행 조건부(상)22-05이(신)영A10(사),경남은행,금융채,A+,2022-05-10,9999-12-31,,5.2,3개월,10024.0,5.253,10000,10024,4.0,True,True
2026-08-07,KR6206352E97,에스케이어드밴스드14-2,에스케이어드밴스드,회사채,BBB0,2024-09-09,2026-09-09,33.0,6.19,1개월,10027.9,8.498,517020000,518324115,12.0,False,True
2026-08-07,KR6214341F37,한국투자캐피탈125-1,한국투자캐피탈,금융채,A0,2025-03-14,2027-01-14,160.0,4.172,3개월,10045.0,4.54,5770000,5795965,4.0,False,True
2026-08-07,KR6214341F60,한국투자캐피탈127-1,한국투자캐피탈,금융채,A0,2025-06-17,2026-12-17,132.0,3.803,3개월,10049.6,3.883,10000,10049,4.0,False,True
2026-08-07,KR6214342EA0,한국투자캐피탈114-2,한국투자캐피탈,금융채,A0,2024-10-04,2026-10-02,56.0,4.671,3개월,10055.0,3.9,11410000,11472750,4.0,False,True
2026-08-07,KR6214342G35,한국투자캐피탈134-2,한국투자캐피탈,금융채,A0,2026-03-19,2028-03-16,587.0,4.53,3개월,9965.0,5.148,9790000,9701667,4.0,False,True
2026-08-07,KR6214343F43,한국투자캐피탈126-3,한국투자캐피탈,금융채,A0,2025-04-04,2027-04-02,238.0,4.184,3개월,10000.0,4.787,910000,910010,4.0,False,True
2026-08-07,KR6214343G34,한국투자캐피탈134-3,한국투자캐피탈,금융채,A0,2026-03-19,2028-03-17,588.0,4.53,3개월,9980.0,5.049,16510000,16458760,4.0,False,True
2026-08-07,KR6214344F67,한국투자캐피탈128-2,한국투자캐피탈,금융채,A0,2025-06-24,2026-11-24,109.0,3.781,3개월,10038.0,4.017,10000,10038,4.0,False,True
2026-08-07,KR6214346EB9,한국투자캐피탈117-5,한국투자캐피탈,금융채,A0,2024-11-13,2026-11-13,98.0,4.711,3개월,10137.7,3.662,10000,10137,4.0,False,True
2026-08-07,KR6214348E49,한국투자캐피탈111-3,한국투자캐피탈,금융채,A0,2024-04-12,2027-04-12,248.0,5.788,3개월,10131.0,4.429,9190000,9201960,4.0,False,True
2026-08-07,KR621434AEB8,한국투자캐피탈119-3,한국투자캐피탈,금융채,A0,2024-11-28,2026-09-28,52.0,4.595,3개월,10099.0,3.849,10000,10099,4.0,False,True
2026-08-07,KR6251272E33,넷마블2-2,넷마블,회사채,A+,2024-03-07,2027-03-05,210.0,5.006,3개월,10110.0,4.522,12810000,12950910,4.0,False,True
2026-08-07,KR6290291F86,신한자산신탁1,신한자산신탁,금융채,A-,2025-08-01,2027-07-30,357.0,5.47,3개월,10050.0,5.036,10000,10050,4.0,False,True
2026-08-07,KR6294871F60,IPARK현대산업개발5-1,아이파크현대산업개발,회사채,A0,2025-06-27,2027-06-25,322.0,3.647,3개월,9950.0,4.694,4970000,4945150,4.0,False,True
2026-08-07,KR6310101F41,키움캐피탈214,키움캐피탈,금융채,A0,2025-04-11,2026-10-08,62.0,4.114,3개월,10036.7,3.731,10000,10036,4.0,False,True
2026-08-07,KR6310102F32,키움캐피탈211-2,키움캐피탈,금융채,A0,2025-03-04,2026-09-04,28.0,4.333,3개월,10050.0,7.627,10000,10050,4.0,False,True
2026-08-07,KR6310102FC4,키움캐피탈229-2,키움캐피탈,금융채,A0,2025-12-23,2027-11-23,473.0,4.227,3개월,10050.0,4.238,1000000,1005000,4.0,False,True
2026-08-07,KR6310106F61,키움캐피탈222-2,키움캐피탈,금융채,A0,2025-06-26,2027-03-26,231.0,4.119,3개월,10010.0,4.708,10800000,10805500,4.0,False,True
2026-08-07,KR6310107F60,키움캐피탈222-3,키움캐피탈,금융채,A0,2025-06-26,2027-06-25,322.0,4.252,3개월,9999.0,4.823,7610000,7609383,4.0,False,True
2026-08-07,KR6310108F36,키움캐피탈213-2,키움캐피탈,금융채,A0,2025-03-21,2027-03-19,224.0,4.572,3개월,10046.0,4.772,1348190000,1354391674,4.0,False,True
2026-08-07,KR6316141995,우리금융조건부(상)3-1(후),우리금융지주,금융채,AA0,2019-09-06,2027-09-06,395.0,2.13,3개월,9830.0,4.084,1510000,1484330,4.0,False,True
2026-08-07,KR6316141C27,우리금융조건부(상)11(신종),우리금융지주,금융채,AA-,2022-02-17,9999-12-31,,4.1,3개월,10010.0,4.133,13360000,13373360,4.0,True,True
2026-08-07,KR6316141D26,우리금융조건부(상)14(신종),우리금융지주,금융채,AA-,2023-02-10,9999-12-31,,4.65,1개월,10000.0,4.666,15890000,15883500,12.0,True,True
2026-08-07,KR6316141E25,우리금융조건부(상)16(신종),우리금융지주,금융채,AA-,2024-02-07,9999-12-31,,4.49,3개월,9950.0,4.512,520000,517400,4.0,True,True
2026-08-07,KR6329183E19,에이치디현대중공업8-3,에이치디현대중공업,회사채,AA-,2024-01-29,2027-01-29,175.0,4.599,3개월,10049.5,3.781,100000,100495,4.0,False,True
2026-08-07,KR6331593E27,에이치디현대케미칼6-3,에이치디현대케미칼,회사채,A0,2024-02-07,2029-02-07,915.0,4.936,3개월,9998.5,4.942,2310000,2301754,4.0,False,True
2026-08-07,KR6336262F33,두산퓨얼셀10-2,두산퓨얼셀,회사채,BBB0,2025-03-07,2028-03-07,578.0,5.068,3개월,10064.0,5.197,48780000,48961172,4.0,False,True
2026-08-07,KR6336262F82,두산퓨얼셀11-2,두산퓨얼셀,회사채,BBB0,2025-08-27,2028-08-25,749.0,5.005,3개월,10050.5,5.248,6630000,6646610,4.0,False,True
2026-08-07,KR6348371EB6,엔켐14CB,엔켐,회사채,BB0,2024-11-29,2029-11-29,1210.0,1.0,3개월,5870.0,0.0,962990000,565719405,4.0,True,True
2026-08-07,KR6361612E21,SK아이이테크놀로지1-2,에스케이아이이테크놀로지,회사채,A-,2024-02-29,2027-02-26,203.0,4.766,3개월,10060.0,5.326,13760000,13842560,4.0,False,True
2026-08-07,KR6361612FA4,SK아이이테크놀로지6-2(녹),에스케이아이이테크놀로지,회사채,A-,2025-10-28,2028-10-27,812.0,4.6,3개월,10000.0,4.658,3700000,3700000,4.0,False,True
2026-08-07,KR6404712DA6,에스케이온4-2(녹),에스케이온,회사채,A+,2023-10-31,2026-10-30,84.0,5.834,3개월,10030.0,5.001,5000000,5015000,4.0,False,True
2026-08-07,KR6404712E36,에스케이온5-2(녹),에스케이온,회사채,A+,2024-03-07,2027-03-05,210.0,4.73,3개월,10060.0,5.05,3150000,3167645,4.0,False,True
2026-08-07,KR6427082F20,세아베스틸2-2,세아베스틸,회사채,A+,2025-02-13,2030-02-13,1286.0,3.745,3개월,9813.5,4.593,330000,323845,4.0,False,True
2026-08-07,KR6473521DC3,뉴스타반포3제일차유1,뉴스타반포3제일차유동화전문,유동화증권,AA+,2023-12-06,2026-09-30,54.0,4.67,3개월,10055.0,4.185,140000,140770,4.0,False,True
2026-08-07,KRC0355P2694,국고채원금03290-2609(21-7),대한민국,국채,,2024-12-27,2026-09-10,34.0,3.29,12개월,9975.9,2.844,21000000000,20949750000,1.0,False,True
2026-08-07,KRC035AP26C3,국고채원금03580-2612(16-8),대한민국,국채,,2022-09-16,2026-12-10,125.0,3.58,12개월,9899.2,3.046,24000000000,23758290000,1.0,False,True
2026-08-07,KRC035FP2732,국고채원금03260-2703(07-3),대한민국,국채,,2007-04-17,2027-03-10,215.0,3.26,12개월,9807.8,3.373,20000000000,19616265000,1.0,False,True
