date,isin,bond_name,has_option,is_fixed_rate,macaulay_duration,modified_duration,short_price_sensitivity,long_price_sensitivity,real_yield,relative_yield_spread,expected_maturity_profit,expected_maturity_return
2026-08-07,KR101501DC30,국민주택1종22-03,False,True,0.6465753424657534,0.6253267398457935,0.020010455675065392,0.0262637230735232,0.608779265362168,-0.34799999999999986,-184.0,-0.017891870867366783
2026-08-07,KR101501DC63,국민주택1종22-06,False,True,0.8958904109589042,0.8658204661688598,0.027706254917403514,0.036364459579091936,0.6837792653621677,-0.27300000000000013,-92.79999999999927,-0.009104465897496201
2026-08-07,KR101501DC89,국민주택1종22-08,False,True,1.0657534246575342,1.0305498420530037,0.03297759494569612,0.043283093366225954,0.6267792653621678,-0.33000000000000007,-40.0,-0.0039447731755424065
2026-08-07,KR101501DCA3,국민주택1종22-10,False,True,1.2328767123287672,1.191807041672725,0.038137825333527206,0.050055895750254216,0.656779265362168,-0.2999999999999998,21.0,0.002083540033733505
2026-08-07,KR101501DD13,국민주택1종23-01,False,True,1.484931506849315,1.4286292289369114,0.045716135325981164,0.06000242761534999,1.1517792653621677,0.19499999999999984,60.0,0.005958291956305859
2026-08-07,KR101501DD39,국민주택1종23-03,False,True,1.6407508732844163,1.575357772161973,0.05041144870918313,0.06616502643080255,1.3617792653621676,0.4049999999999998,285.89999999999964,0.028664240382590873
2026-08-07,KR101501DD70,국민주택1종23-07,False,True,1.9706078047602809,1.894869856592287,0.06063583541095319,0.07958453397687568,1.2077792653621677,0.2509999999999999,390.0,0.03951367781155015
2026-08-07,KR101501DD88,국민주택1종23-08,False,True,2.054484567825139,1.9846449133252242,0.06350863722640718,0.08335508635965902,0.729779265362168,-0.22699999999999987,329.0,0.03312858725203907
2026-08-07,KR101501DDA1,국민주택1종23-10,False,True,2.2193818674392127,2.139266342897694,0.06845652297272621,0.08984918640170272,0.955779265362168,-0.0009999999999998899,435.0,0.044274809160305344
2026-08-07,KR101501DDC7,국민주택1종23-12,False,True,2.384307945869438,2.2980616906204525,0.07353797409985448,0.09651859100605854,0.963779265362168,0.007000000000000117,497.5,0.05096030729833547
2026-08-07,KR101501DE12,국민주택1종24-01,False,True,2.468097993907009,2.375683890564067,0.07602188449805014,0.09977872340369034,1.100779265362168,0.14400000000000013,560.0,0.0577319587628866
2026-08-07,KR101501DE38,국민주택1종24-03,False,True,2.618701338227779,2.5232955340840606,0.08074545709068993,0.10597841243153004,0.991779265362168,0.03500000000000014,722.5,0.07473493664339281
2026-08-07,KR101501DE53,국민주택1종24-05,False,True,2.7813543910776724,2.6775201593000175,0.08568064509760057,0.1124558466906002,1.088779265362168,0.13200000000000012,807.0,0.08421162475216529
2026-08-07,KR101501DE61,국민주택1종24-06,False,True,2.861368463457045,2.7544145466120975,0.08814126549158713,0.11568541095770755,1.0937792653621679,0.137,838.0,0.08773031825795645
2026-08-07,KR101501DE79,국민주택1종24-07,False,True,2.944053187494468,2.8340359133386612,0.09068914922683716,0.1190295083602232,1.092779265362168,0.13600000000000012,868.0,0.09115731989077924
2026-08-07,KR101501DF78,국민주택1종25-07,False,True,3.92101513967957,3.771258465994912,0.12068027091183718,0.15839285557178556,1.181779265362168,0.2250000000000001,1399.5,0.15549136159102273
2026-08-07,KR101501DFC2,국민주택1종25-12,False,True,4.327347762595759,4.167041669567497,0.1333453334261599,0.17501575012183404,1.0577792653621678,-0.11699999999999999,1500.0,0.16853932584269662
2026-08-07,KR101501DG10,국민주택1종26-01,False,True,4.409311795743721,4.237929910176196,0.13561375712563828,0.1779930562273994,1.2547792653621674,0.07999999999999963,1604.0,0.1823556161891769
2026-08-07,KR101501DG28,국민주택1종26-02,False,True,4.475602105152208,4.299577406144646,0.13758647699662868,0.1805822510580743,1.3047792653621682,0.13000000000000034,1750.0,0.2
2026-08-07,KR101501DG36,국민주택1종26-03,False,True,4.55703170654643,4.378813977655837,0.14012204728498678,0.1839101870615443,1.2807792653621681,0.10600000000000032,1770.0,0.2027491408934708
2026-08-07,KR101501DG44,국민주택1종26-04,False,True,4.6354136630135265,4.448530880714701,0.14235298818287043,0.18683829699001656,1.4117792653621675,0.23699999999999966,1850.0,0.2138728323699422
2026-08-07,KR101501DG51,국민주택1종26-05,False,True,4.716906559665735,4.528824479050757,0.1449223833296242,0.19021062812013087,1.3637792653621674,0.1889999999999996,1861.0,0.21541845120963074
2026-08-07,KR101501DG69,국민주택1종26-06,False,True,4.795502364323317,4.602165396035851,0.14726929267314723,0.19329094663350482,1.4117792653621675,0.23699999999999966,1908.5,0.22213815980911367
2026-08-07,KR101501DG77,국민주택1종26-07,False,True,4.876919043216182,4.6811981486222844,0.1497983407559131,0.196610322242135,1.391779265362168,0.21700000000000008,1930.0,0.22520420070011668
2026-08-07,KR101501DG85,국민주택1종26-08,False,True,5.068493150684931,4.8650839891006346,0.15568268765122031,0.2043335275422257,1.391779265362168,0.21700000000000008,1460.0,0.17096018735362997
2026-08-07,KR10350172C8,국고03000-4212(12-5),False,True,12.658984561914767,12.384906579314537,0.3963170105380652,0.520166076331208,1.636779265362168,0.21799999999999997,6550.0,0.7797619047619048
2026-08-07,KR103501GC90,국고03125-2709(22-8),False,True,1.0840064467588748,1.0650956730832812,0.034083061538665,0.0447340182694976,0.761779265362168,-0.19499999999999984,230.89999999999964,0.022903110617362287
2026-08-07,KR103501GE98,국고03000-2909(24-7),False,True,2.978815402345114,2.923660546142143,0.09355713747654858,0.12279374293796942,0.983779265362168,0.027000000000000135,1002.0,0.10123257223681552
2026-08-07,KR103501GF63,국고02250-2806(25-4),False,True,1.8154468248798277,1.7839599320786397,0.05708671782651647,0.07492631714730251,0.7407792653621676,-0.2160000000000002,641.2999999999993,0.06538073343052589
2026-08-07,KR103501GF97,국고02250-2709(25-6),False,True,1.086512777634152,1.0680095128244682,0.03417630441038298,0.04485639953862745,0.6757792653621677,-0.28100000000000014,262.89999999999964,0.02639001816885994
2026-08-07,KR103501GG39,국고03500-5603(26-2),False,True,17.541641243136667,17.153877834683644,0.5489240907098767,0.7204628690567096,1.7317792653621678,0.3129999999999997,11838.0,1.3948391657829622
2026-08-07,KR103501GG62,국고03500-2906(26-5),False,True,2.730260778417386,2.6800895029226735,0.08576286409352556,0.11256375912275175,0.9547792653621681,-0.0019999999999997797,1057.5,0.10582937202902176
2026-08-07,KR10350270C0,국고04750-3012(10-7),False,True,3.996601425204834,3.9486256238747552,0.12635601996399218,0.16584227620273895,-0.359220734637832,-1.5339999999999998,1112.5,0.10090702947845805
2026-08-07,KR1035027WC3,국고05500-2912(09-5),False,True,3.1071341195240745,3.0478982176637786,0.09753274296524092,0.12801172514187809,1.0977792653621679,0.14100000000000001,1338.0,0.1263814111646359
2026-08-07,KR103502G693,국고01500-3609(16-6),False,True,9.291816482171184,9.098295731952554,0.2911454634224817,0.3821284207420055,1.4647792653621674,0.045999999999999375,3680.0,0.47058823529411764
2026-08-07,KR103502G6C4,국고01500-2612(16-8),False,True,0.3424657534246575,0.3370692743424351,0.010786216778957924,0.014156909522382207,0.4127792653621678,-0.544,109.0,0.010937186433875175
2026-08-07,KR103502G768,국고02125-2706(17-3),False,True,0.8374877828528665,0.8235613602510218,0.0263539635280327,0.034589577130542754,0.592779265362168,-0.3639999999999999,282.7999999999993,0.02848021591790278
2026-08-07,KR103502G990,국고01125-3909(19-6),False,True,11.975528955654553,11.722556193009412,0.3751217981763012,0.49234736010639296,1.5267792653621677,0.10799999999999965,4583.5,0.6663032417502543
2026-08-07,KR103502G9C8,국고01375-2912(19-8),False,True,3.277144621450217,3.216039864033579,0.10291327564907454,0.1350736742894097,1.0107792653621677,0.053999999999999826,1214.25,0.13102945937196503
2026-08-07,KR103502GA34,국고01500-5003(20-2),False,True,18.39983081984759,17.99195323989908,0.5757425036767705,0.7556620360757578,1.7447792653621677,0.3259999999999996,7833.0,1.3761419536191146
2026-08-07,KR103502GA67,국고01375-3006(20-4),False,True,3.751306502229901,3.679266464848174,0.11773652687514156,0.15452919152362257,1.1267792653621678,0.16999999999999993,1427.0,0.15641784500712486
2026-08-07,KR103502GA91,국고01500-4009(20-7),False,True,12.427896384253058,12.16256992141734,0.3892022374853549,0.5108279366995259,1.5737792653621683,0.15500000000000025,5030.0,0.7114568599717115
2026-08-07,KR103502GAC2,국고01500-3012(20-9),False,True,4.214130288398899,4.1331819204861775,0.13226182145555768,0.17359364066041863,1.1277792653621677,-0.04700000000000015,1608.5,0.1774113494733359
2026-08-07,KR103502GB33,국고01875-5103(21-2),False,True,18.107636941564742,17.703207173681978,0.5665026295578233,0.7435347012946396,1.7797792653621678,0.36099999999999977,8473.75,1.3845996732026145
2026-08-07,KR103502GB66,국고02000-3106(21-5),False,True,4.627992120763493,4.538159258246504,0.14522109626388813,0.19060268884635226,1.169779265362168,-0.004999999999999893,1824.5,0.19884474960492615
2026-08-07,KR103502GBC0,국고02375-3112(21-11),False,True,5.033859179612759,4.932375552617651,0.15783601768376482,0.20715977320994036,1.325779265362168,0.15100000000000025,2096.25,0.2276058631921824
2026-08-07,KR103502GC99,국고03125-5209(22-9),False,True,16.87793435096813,16.505407308025983,0.5281730338568315,0.693227106937088,1.724779265362168,0.30600000000000005,10116.0,1.263079036084405
2026-08-07,KR103502GCC8,국고04250-3212(22-14),False,True,5.631451992273506,5.516758581366888,0.17653627460374044,0.2317038604174082,1.3687792653621682,0.1940000000000004,2645.5,0.26149056044281904
2026-08-07,KR103502GD31,국고03250-5303(23-2),False,True,16.875357193018548,16.500385922920184,0.5280123495334459,0.6930162087626445,1.7557792653621678,0.33699999999999974,10467.5,1.285144260282382
2026-08-07,KR103502GD64,국고03250-3306(23-5),False,True,6.168326793366641,6.0416929099735945,0.19333417311915502,0.25375110221888975,1.402779265362168,0.2280000000000002,2780.0,0.2927856766719326
2026-08-07,KR103502GD98,국고03625-5309(23-7),False,True,16.63163072211624,16.261439061872707,0.5203660499799266,0.6829804405986505,1.7637792653621678,0.34499999999999975,11077.5,1.2718140068886337
2026-08-07,KR103502GDC6,국고04125-3312(23-11),False,True,6.41188711935685,6.281945085268079,0.20102224272857855,0.2638416935812581,1.3477792653621674,0.1729999999999996,3037.25,0.30201859493859695
2026-08-07,KR103502GE30,국고03250-5403(24-2),False,True,17.193015132380076,16.810328015115964,0.5379304964837108,0.7060337766348671,1.7637792653621678,0.34499999999999975,10841.5,1.3391180830039526
2026-08-07,KR103502GE63,국고03500-3406(24-5),False,True,6.902564075437084,6.762512442747777,0.2164003981679289,0.2840255225954053,1.3527792653621682,-0.06599999999999984,3172.0,0.3294557540506855
2026-08-07,KR103502GE97,국고02750-5409(24-8),False,True,18.02126984274042,17.621439383137037,0.5638860602603852,0.7401004540917521,1.748779265362168,0.33000000000000007,10412.0,1.428649835345774
2026-08-07,KR103502GF39,국고02625-5503(25-2),False,True,18.3696532155119,17.962005500674103,0.5747841760215713,0.7544042310283088,1.7497792653621675,0.3309999999999995,10423.25,1.476799376593936
2026-08-07,KR103502GF62,국고02625-3506(25-5),False,True,7.8775054849169965,7.714762568533776,0.24687240219308085,0.32402002787841705,1.4297792653621682,0.01100000000000012,3488.0,0.3930362273930926
2026-08-07,KR103502GG38,국고03000-2803(26-1),False,True,1.566917801864488,1.5394312567747745,0.04926180021679279,0.06465611278454023,0.781779265362168,-0.17499999999999982,413.0,0.041147753312742855
2026-08-07,KR103502GG61,물가01125-3606(26-4),False,True,9.334322085151177,9.257714497682851,0.29624686392585126,0.38882400890267793,-1.1342207346378321,-2.553,1586.0,0.16626480763182724
2026-08-07,KR103503G865,물가01750-2806(18-5),False,True,1.8225003994787359,1.82491841638044,0.05839738932417408,0.07664657348797811,-3.0542207346378323,-4.011,-50.0,-0.004807692307692308
2026-08-07,KR103503GB99,국고01875-4109(21-9),False,True,12.797386217320014,12.519699287131438,0.40063037718820604,0.5258273700595179,1.6467792653621678,0.22799999999999976,5532.5,0.7599587912087912
2026-08-07,KR103503GE96,국고02875-2609(24-9),False,True,0.09315068493150686,0.09176864907641602,0.0029365967704453127,0.0038542832612094547,0.22277926536216786,-0.734,28.149999999999636,0.00278283047965515
2026-08-07,KR103503GF95,국고02500-3009(25-8),False,True,3.9133164796319786,3.83761943625191,0.12280382196006112,0.16118001632257944,1.1557792653621677,-0.019000000000000128,1440.0,0.1506276150627615
2026-08-07,KR103503GG37,국고03375-3103(26-3),False,True,4.288408903943227,4.2050851418573245,0.13456272453943438,0.1766135759580068,1.173779265362168,-0.0009999999999998899,1623.25,0.16403920974180183
2026-08-07,KR103503GG60,국고04250-3606(26-6),False,True,8.152377894270666,7.984542804519663,0.25550536974462923,0.33535079778982424,1.4147792653621676,-0.004000000000000448,4144.0,0.4100534336037997
2026-08-07,KR103504GC97,국고03250-4209(22-11),False,True,12.341560134972806,12.071047950404246,0.3862735344129359,0.5069840139169759,1.692779265362168,0.274,6470.0,0.7411225658648339
2026-08-07,KR103504GD96,국고03875-4309(23-9),False,True,12.47624785313239,12.204633729482753,0.3905482793434481,0.5125946166382732,1.6617792653621675,0.24299999999999944,7115.5,0.7512141047297297
2026-08-07,KR103504GF94,국고02750-4509(25-9),False,True,14.32362565112905,14.008846862136835,0.44828309958837875,0.5883715682097442,1.7047792653621676,0.2859999999999996,7331.0,0.9286800101342793
2026-08-07,KR103505GC96,국고03500-7209(22-12),False,True,20.983325542323573,20.531730137939594,0.657015364414067,0.8623326657934588,1.6097792653621679,0.19099999999999984,17725.0,2.1164179104477614
2026-08-07,KR2001024992,서울도시철도19-09,False,True,0.14794520547945206,0.144163789286468,0.004613241257166976,0.006054879150031628,-0.16622073463783194,-1.1229999999999998,-722.8999999999996,-0.06663962610274797
2026-08-07,KR20010249C5,서울도시철도19-12,False,True,0.4,0.38628308756071894,0.012361058801943006,0.01622388967755012,0.761779265362168,-0.19499999999999984,-460.0,-0.043560606060606064
2026-08-07,KR2001024E60,서울도시철도24-06,False,True,4.659789115638576,4.47501571669619,0.1432005029342781,0.18795066010123912,1.3397792653621674,0.1649999999999996,1560.0,0.1609907120743034
2026-08-07,KR2001024F28,서울도시철도25-02,False,True,5.243598689850533,5.0239996645146,0.1607679892644672,0.2110079859096122,1.5817792653621683,0.4070000000000005,2190.0,0.23523093447905477
2026-08-07,KR2001024FB5,서울도시철도25-11,False,True,5.961243816874289,5.629125417256175,0.18013201335219758,0.23642326752475823,3.110779265362168,1.9360000000000004,3237.5,0.4065934065934066
2026-08-07,KR2001024G76,서울도시철도26-07,False,True,6.551716348790152,6.279319470174004,0.20093822304556813,0.2637314177473069,1.548779265362168,0.3740000000000001,2895.0,0.3403880070546737
2026-08-07,KR2001024G84,서울도시철도26-08,False,True,7.071232876712329,6.776911605677744,0.2168611713816878,0.2846302874384639,1.5537792653621678,0.379,1529.0,0.18049817022783615
2026-08-07,KR2001034A21,서울도시철도20-02,False,True,0.5616438356164384,0.5444026051125247,0.01742088336360079,0.02286490941472593,0.37777926536216766,-0.5790000000000002,-422.7999999999993,-0.0401794199262553
2026-08-07,KR2002012CA8,강원지역개발22-10,False,True,1.2328767123287672,1.1917263997455532,0.0381352447918577,0.050052508789313,0.6637792653621677,-0.29300000000000015,2.0,0.00019796100168266851
2026-08-07,KR2002022G76,강원지역개발26-07,False,True,4.7804072817634875,4.585962472912018,0.1467507991331846,0.19261042386230387,1.450779265362168,0.27600000000000025,2023.0,0.22535368163083436
2026-08-07,KR2002022G84,강원지역개발26-08,False,True,5.068493150684931,4.861490869463188,0.15556770782282203,0.20418261651745295,1.4687792653621679,0.29400000000000004,1063.0,0.1189437171310283
2026-08-07,KR2003022G74,대전지역개발26-07,False,True,4.7804072817634875,4.585962472912018,0.1467507991331846,0.19261042386230387,1.450779265362168,0.27600000000000025,2023.0,0.22535368163083436
2026-08-07,KR2003022G82,대전지역개발26-08,False,True,5.068493150684931,4.861490869463188,0.15556770782282203,0.20418261651745295,1.4687792653621679,0.29400000000000004,1063.0,0.1189437171310283
2026-08-07,KR2004022G72,인천지역개발26-07,False,True,4.7804072817634875,4.585962472912018,0.1467507991331846,0.19261042386230387,1.450779265362168,0.27600000000000025,2023.0,0.22535368163083436
2026-08-07,KR2004022G80,인천지역개발26-08,False,True,5.068493150684931,4.861490869463188,0.15556770782282203,0.20418261651745295,1.4687792653621679,0.29400000000000004,1063.0,0.1189437171310283
2026-08-07,KR2006014C71,부산도시철도22-07,False,True,0.9808219178082191,0.9480112484977132,0.030336359951926826,0.03981647243690377,0.6717792653621677,-0.28500000000000014,-85.0,-0.008341511285574092
2026-08-07,KR2006014G77,부산도시철도26-07,False,True,4.7806175100229,4.5878366154420265,0.14681077169414486,0.1926891378485642,1.4127792653621678,0.238,2007.0,0.22317357945068386
2026-08-07,KR2006014G85,부산도시철도26-08,False,True,5.068493150684931,4.861490869463188,0.15556770782282203,0.20418261651745295,1.4687792653621679,0.29400000000000004,1063.0,0.1189437171310283
2026-08-07,KR2006022G77,부산지역개발26-07,False,True,4.7804072817634875,4.585962472912018,0.1467507991331846,0.19261042386230387,1.450779265362168,0.27600000000000025,2023.0,0.22535368163083436
2026-08-07,KR2006022G85,부산지역개발26-08,False,True,5.068493150684931,4.861490869463188,0.15556770782282203,0.20418261651745295,1.4687792653621679,0.29400000000000004,1063.0,0.1189437171310283
2026-08-07,KR2007022G75,대구지역개발26-07,False,True,4.7804072817634875,4.585962472912018,0.1467507991331846,0.19261042386230387,1.450779265362168,0.27600000000000025,2023.0,0.22535368163083436
2026-08-07,KR2007022G83,대구지역개발26-08,False,True,5.068493150684931,4.861490869463188,0.15556770782282203,0.20418261651745295,1.4687792653621679,0.29400000000000004,1063.0,0.1189437171310283
2026-08-07,KR2007024G73,대구도시철도26-07,False,True,4.7803962129191895,4.585863867653336,0.14674764376490673,0.19260628244143918,1.4527792653621678,0.278,2024.0,0.22549019607843138
2026-08-07,KR2007024G81,대구도시철도26-08,False,True,5.068493150684931,4.861490869463188,0.15556770782282203,0.20418261651745295,1.4687792653621679,0.29400000000000004,1063.0,0.1189437171310283
2026-08-07,KR2008012G75,울산지역개발26-07,False,True,4.7804072817634875,4.585962472912018,0.1467507991331846,0.19261042386230387,1.450779265362168,0.27600000000000025,2023.0,0.22535368163083436
2026-08-07,KR2008012G83,울산지역개발26-08,False,True,5.068493150684931,4.861490869463188,0.15556770782282203,0.20418261651745295,1.4687792653621679,0.29400000000000004,1063.0,0.1189437171310283
2026-08-07,KR2022012D12,충남지역개발23-01,False,True,1.484931506849315,1.423275224139588,0.04554480717246682,0.05977755941386242,1.5427792653621677,0.5859999999999999,-371.10000000000036,-0.03493988381617726
2026-08-07,KR2022022G74,충남지역개발26-07,False,True,4.7804072817634875,4.585962472912018,0.1467507991331846,0.19261042386230387,1.450779265362168,0.27600000000000025,2023.0,0.22535368163083436
2026-08-07,KR2022022G82,충남지역개발26-08,False,True,5.068493150684931,4.861490869463188,0.15556770782282203,0.20418261651745295,1.4687792653621679,0.29400000000000004,1063.0,0.1189437171310283
2026-08-07,KR2033022G71,충북지역개발26-07,False,True,4.7804072817634875,4.585962472912018,0.1467507991331846,0.19261042386230387,1.450779265362168,0.27600000000000025,2023.0,0.22535368163083436
2026-08-07,KR2033022G89,충북지역개발26-08,False,True,5.068493150684931,4.861490869463188,0.15556770782282203,0.20418261651745295,1.4687792653621679,0.29400000000000004,1063.0,0.1189437171310283
2026-08-07,KR2044022C80,경기지역개발22-08,False,True,1.0657534246575342,1.0220897505155115,0.03270687201649637,0.04292776952165128,1.482779265362168,0.5260000000000002,29.0,0.0028781262405716554
2026-08-07,KR2044022G78,경기지역개발26-07,False,True,4.7804072817634875,4.585962472912018,0.1467507991331846,0.19261042386230387,1.450779265362168,0.27600000000000025,2023.0,0.22535368163083436
2026-08-07,KR2044022G86,경기지역개발26-08,False,True,5.068493150684931,4.861490869463188,0.15556770782282203,0.20418261651745295,1.4687792653621679,0.29400000000000004,1063.0,0.1189437171310283
2026-08-07,KR2055012C96,전북지역개발22-09,False,True,1.1479452054794521,1.0849528433921065,0.03471849098854741,0.045568019422468256,3.016779265362168,2.06,232.0,0.023498430061784665
2026-08-07,KR2055022C37,전북지역개발22-03,False,True,0.6465753424657534,0.6212888848522662,0.01988124431527252,0.026094133163795056,1.2807792653621681,0.3240000000000003,-160.79999999999927,-0.01566365991934377
2026-08-07,KR2055022C45,전북지역개발22-04,False,True,0.7287671232876712,0.6998157458805913,0.02239410386817892,0.029392261326984692,1.3477792653621674,0.39099999999999957,-122.60000000000036,-0.011987171966052677
2026-08-07,KR2055022G74,전북지역개발26-07,False,True,4.7804072817634875,4.585962472912018,0.1467507991331846,0.19261042386230387,1.450779265362168,0.27600000000000025,2023.0,0.22535368163083436
2026-08-07,KR2055022G82,전북지역개발26-08,False,True,5.068493150684931,4.861490869463188,0.15556770782282203,0.20418261651745295,1.4687792653621679,0.29400000000000004,1063.0,0.1189437171310283
2026-08-07,KR2066022C59,전남지역개발22-05,False,True,0.8136986301369863,0.7873994872624214,0.025196783592397486,0.033070778465021544,0.5507792653621677,-0.40600000000000014,-152.20000000000073,-0.01483835744647669
2026-08-07,KR2077022G78,경북지역개발26-07,False,True,4.7804072817634875,4.585962472912018,0.1467507991331846,0.19261042386230387,1.450779265362168,0.27600000000000025,2023.0,0.22535368163083436
2026-08-07,KR2077022G86,경북지역개발26-08,False,True,5.068493150684931,4.861490869463188,0.15556770782282203,0.20418261651745295,1.4687792653621679,0.29400000000000004,1063.0,0.1189437171310283
2026-08-07,KR2088022G75,경남지역개발26-07,False,True,4.7804072817634875,4.585962472912018,0.1467507991331846,0.19261042386230387,1.450779265362168,0.27600000000000025,2023.0,0.22535368163083436
2026-08-07,KR2088022G83,경남지역개발26-08,False,True,5.068493150684931,4.861490869463188,0.15556770782282203,0.20418261651745295,1.4687792653621679,0.29400000000000004,1063.0,0.1189437171310283
2026-08-07,KR2099032G70,제주지역개발26-07,False,True,4.7804072817634875,4.585962472912018,0.1467507991331846,0.19261042386230387,1.450779265362168,0.27600000000000025,2023.0,0.22535368163083436
2026-08-07,KR2099032G88,제주지역개발26-08,False,True,5.068493150684931,4.861490869463188,0.15556770782282203,0.20418261651745295,1.4687792653621679,0.29400000000000004,1063.0,0.1189437171310283
2026-08-07,KR2100012G70,창원지역개발26-07,False,True,4.780318719250199,4.585173725493209,0.14672555921578267,0.19257729647071387,1.466779265362168,0.29200000000000026,2030.0,0.22630992196209587
2026-08-07,KR2100012G88,창원지역개발26-08,False,True,5.068493150684931,4.861490869463188,0.15556770782282203,0.20418261651745295,1.4687792653621679,0.29400000000000004,1063.0,0.1189437171310283
2026-08-07,KR2101012G78,세종지역개발26-07,False,True,4.7804072817634875,4.585962472912018,0.1467507991331846,0.19261042386230387,1.450779265362168,0.27600000000000025,2023.0,0.22535368163083436
2026-08-07,KR2101012G86,세종지역개발26-08,False,True,5.068493150684931,4.861490869463188,0.15556770782282203,0.20418261651745295,1.4687792653621679,0.29400000000000004,1063.0,0.1189437171310283
2026-08-07,KR2106012G77,전남광주지역개발26-07,False,True,4.7804072817634875,4.585962472912018,0.1467507991331846,0.19261042386230387,1.450779265362168,0.27600000000000025,2023.0,0.22535368163083436
2026-08-07,KR2106012G85,전남광주지역개발26-08,False,True,5.068493150684931,4.861490869463188,0.15556770782282203,0.20418261651745295,1.4687792653621679,0.29400000000000004,1063.0,0.1189437171310283
2026-08-07,KR310502GC82,기업은행 조건부(상)2208이(신)영B-12(사),True,True,,,,,1.825779265362168,,,
2026-08-07,KR310506AFB6,기업은행(단)2511할304A-17,False,True,0.11232876712328768,0.10860261152196893,0.0034752835687030057,0.004561309683922673,0.6417792653621679,-0.31499999999999995,316.39999999999964,0.03176196594924506
2026-08-07,KR350101GB92,한국전력1067,False,True,0.07397260273972603,0.07279585770000545,0.002329467446400174,0.0030574260234002143,0.44377926536216794,-0.5129999999999999,23.899999999999636,0.0023726794400873263
2026-08-07,KR350103G9B0,한국전력1004,False,True,0.27123287671232876,0.2675513698630137,0.008561643835616438,0.011237157534246521,-0.037220734637832376,-0.9940000000000002,74.20000000000073,0.007406002654982157
2026-08-07,KR350103GA18,한국전력1016,False,True,0.4273972602739726,0.4208426362149252,0.013466964358877606,0.017675390721026776,0.32577926536216806,-0.6309999999999998,131.5,0.013205462944366338
2026-08-07,KR350103GBB9,한국전력1085(지),False,True,0.24383561643835616,0.23935841724381068,0.007659469351801942,0.010053053524240001,0.951779265362168,-0.004999999999999893,90.79999999999927,0.0090477898680696
2026-08-07,KR350104GA25,한국전력1021,False,True,0.5534246575342465,0.5449372597141979,0.017437992310854335,0.022887364907996206,0.32577926536216806,-0.6309999999999998,94.25,0.00944246856684867
2026-08-07,KR350105GEA0,한국전력1428,False,True,0.18904109589041096,0.18652395511611894,0.005968766563715806,0.007834006114876958,-0.09022073463783231,-1.0470000000000002,51.45000000000073,0.005089020771513425
2026-08-07,KR350107GB96,한국전력1073,False,True,0.12876712328767123,0.12644123673787797,0.004046119575612095,0.00531053194299085,0.8897792653621677,-0.06700000000000017,47.25,0.004698827530654256
2026-08-07,KR350201GAB3,서울교통공사2020-4,False,True,1.2311194820928486,1.2205253222953252,0.03905681031345041,0.05126206353640342,0.6827792653621678,-0.274,424.4500000000007,0.04341400049095826
2026-08-07,KR354404GB98,주택금융공사MBS2021-20(1-4)(사),True,True,,,,,3.602779265362168,2.6460000000000004,,
2026-08-07,KR356101DE40,토지주택채권(용지)24-04,False,True,0.7287671232876712,0.698681881471508,0.022357820207088257,0.029344639021803197,1.516779265362168,0.56,-305.0,-0.028746465598491987
2026-08-07,KR356101DFB5,토지주택채권(용지)25-11,False,True,2.2886488761319757,2.1966108802495206,0.07029154816798466,0.09225765697047943,1.4007792653621682,0.4440000000000004,734.0,0.07559217301750773
2026-08-07,KR356101DG89,토지주택채권(용지)26-08,False,True,3.0684931506849313,2.9310279402855395,0.09379289408913727,0.12310317349199208,1.9007792653621682,0.9440000000000004,600.0,0.06382978723404255
2026-08-07,KR3561027243,토지주택채권125,False,True,5.019211289788088,5.000795859037184,0.1600254674891899,0.21003342607956071,1.6297792653621674,0.4549999999999996,2499.0,0.2499
2026-08-07,KR3561127225,토지주택채권112,False,True,4.9368855382555346,4.918567971368828,0.15739417508380252,0.2065798547974898,1.6797792653621682,0.5050000000000003,2468.75,0.24786646586345382
2026-08-07,KR356801G6A0,울산항만공사3,False,True,0.273972602739726,0.2693492233214139,0.008619175146285246,0.011312667379499331,0.6437792653621677,-0.31300000000000017,93.5,0.009331337325349302
2026-08-07,KR380601GE34,수산금융채권(은행)24-03이영구(신종)-14,True,True,,,,,2.1567792653621676,,,
2026-08-07,KR380801AG36,한국수출입금융2603바-할인-184,False,True,0.11232876712328767,0.10897981733653593,0.00348735415476915,0.004577152328134488,0.2837792653621678,-0.673,309.39999999999964,0.03104680099542422
2026-08-07,KR380807GE85,한국수출입금융2408자-이표-2,False,True,0.038356164383561646,0.03809521218012777,0.0012190467897640887,0.0015999989115653588,-0.04922073463783194,-1.0059999999999998,10.5,0.0010427528675703858
2026-08-07,KR381001G9A0,농금(은행)조건부(상)2019-10이10Y-갑(후),False,True,3.1109993457297986,3.0840065781545016,0.09868821050094405,0.12952827628248845,0.7117792653621677,-0.2450000000000001,1098.75,0.114453125
2026-08-07,KR381001GD70,농업금융채권(은행)2023-07이-A(신종),True,True,,,,,2.527779265362168,,,
2026-08-07,KR381002GC47,농업금융채권(은행)2022-04이-A(신종),True,True,,,,,1.5217792653621678,,,
2026-08-07,KR381003GD86,농업금융채권(은행)2023-08이3Y-C,,,,,,,42.79977926536217,,,
2026-08-07,KR6000011D31,신한은행27-03-이-영구5갑(신),True,True,,,,,1.8447792653621682,,,
2026-08-07,KR6000011E48,신한은행28-04-이-영구5갑(신),True,True,,,,,1.4207792653621678,,,
2026-08-07,KR6000012C56,신한은행26-05-이-영구5갑(신),True,True,,,,,1.7127792653621676,,,
2026-08-07,KR6000014CA7,신한은행26-10-이-영구5갑(신),True,True,,,,,2.761779265362168,,,
2026-08-07,KR6000014F44,신한은행29-04-이-1.5-A,False,True,0.21095890410958903,0.20898969867383485,0.006687670357562715,0.008777567344301022,0.979779265362168,0.02300000000000013,78.75,0.007886830245368051
2026-08-07,KR6000017F41,신한은행29-04-이-영구5갑(신),True,True,,,,,0.902779265362168,,,
2026-08-07,KR600001AFA9,신한은행29-10-할-12M-D,False,True,0.23013698630136983,0.22235672451073907,0.0071154151843436505,0.009338982429450996,0.709779265362168,-0.2469999999999999,338.89999999999964,0.03416296206691461
2026-08-07,KR6000153E38,두산310-2,False,True,0.5904433404643662,0.584723284929543,0.018711145117745374,0.024558377967040686,1.1237792653621677,0.16699999999999982,115.04999999999927,0.01136296296296289
2026-08-07,KR6000153F11,두산312-2,False,True,1.421534198762966,1.4077557889783403,0.04504818524730689,0.059125743137090014,1.1257792653621679,0.16900000000000004,571.7000000000007,0.05685728493286929
2026-08-07,KR6000371C36,한화손해보험12(후),True,True,,,,,2.173779265362168,0.9990000000000001,,
2026-08-07,KR6000371C93,한화손해보험신종자본증권 14,True,True,,,,,3.668779265362168,2.25,,
2026-08-07,KR6000371E83,한화손해보험15(후),True,True,,,,,2.293779265362168,0.875,,
2026-08-07,KR6000401A57,롯데손해보험8(후),True,True,,,,,6.664779265362169,5.708,,
2026-08-07,KR6000401BC4,롯데손해보험신종자본증권 3,True,True,,,,,6.154779265362169,4.736000000000001,,
2026-08-07,KR6000401C97,롯데손해보험9(후),True,True,,,,,5.893779265362168,4.718999999999999,,
2026-08-07,KR6000401D70,롯데손해보험11(후),True,True,,,,,5.911779265362169,4.737,,
2026-08-07,KR6000401DC0,롯데손해보험13(후),True,True,,,,,5.995779265362168,4.821,,
2026-08-07,KR6000401E61,롯데손해보험15(후),True,True,,,,,6.188779265362168,4.77,,
2026-08-07,KR6000401EB0,롯데손해보험17(후),True,True,,,,,5.493779265362168,4.074999999999999,,
2026-08-07,KR6000541C56,흥국화재신종자본증권3,True,True,,,,,3.9517792653621675,2.5329999999999995,,
2026-08-07,KR6000541E96,흥국화재22(후),True,True,,,,,4.5327792653621675,3.114,,
2026-08-07,KR6000541F38,흥국화재신종자본증권5,True,True,,,,,4.181779265362168,2.763,,
2026-08-07,KR60007K1G22,대신자산신탁6,False,True,0.9739617087452126,0.9614579481297848,0.030766654340153115,0.04038123382145077,2.412779265362168,1.456,519.0,0.05164179104477612
2026-08-07,KR6000821EA1,롯데건설149-1,False,True,0.21019022463155868,0.20934238796031937,0.00669895641473022,0.008792380294333373,2.070779265362168,1.1140000000000003,105.0,0.010468594217347957
2026-08-07,KR6000822EA9,롯데건설149-2,False,True,1.1780601046924801,1.1724839663624547,0.03751948692359855,0.049244326587222866,2.9177792653621677,1.9609999999999999,693.5,0.06921848487873042
2026-08-07,KR6001792F40,대한제당127,False,True,1.679962108338838,1.6611290576477566,0.053156129844728214,0.06976742042120546,1.745779265362168,0.7890000000000001,776.9249999999993,0.07876288764306924
2026-08-07,KR6002322F13,한진122-2,False,True,1.421765094144393,1.4072249424267682,0.045031198157656584,0.059103447581923985,1.3437792653621679,0.387,601.1499999999996,0.059995009980039885
2026-08-07,KR6002322F54,한진123-2,False,True,1.7477984363423513,1.728871614344317,0.055323891659018146,0.07261260780246097,1.5897792653621674,0.6329999999999996,687.5249999999996,0.06861526946107781
2026-08-07,KR6002322G12,한진126-2,False,True,2.3516520883451846,2.3183775742113166,0.07418808237476214,0.09737185811687483,2.9517792653621675,1.9949999999999997,1381.75,0.14315685868213843
2026-08-07,KR6002551F31,케이비손해보험3(후),True,True,,,,,2.123779265362168,0.7050000000000001,,
2026-08-07,KR6003342F25,SK에코플랜트182-2,False,True,0.030136986301369864,0.030054511712146445,0.0009617443747886863,0.0012622894919101448,0.503779265362168,-0.45299999999999985,9.766666666666424,0.0009739396356867196
2026-08-07,KR6003342G24,SK에코플랜트185-1,False,True,0.5456585511768044,0.543680911859914,0.01739778917951725,0.02283459829811628,1.575779265362168,0.6190000000000002,237.90833333333285,0.0238146479813146
2026-08-07,KR6003343F24,SK에코플랜트182-3,False,True,0.5287880415250443,0.5268702338737439,0.016859847483959804,0.022128549822697137,1.5787792653621682,0.6220000000000003,192.79999999999927,0.019203187250995943
2026-08-07,KR6003343G72,SK에코플랜트186-3,False,True,1.887669065438494,1.880111019141545,0.060163552612529446,0.07896466280394453,2.0347792653621677,1.0779999999999998,957.6000000000004,0.09506601806810289
2026-08-07,KR6003412B99,쌍용씨앤이316-2,False,True,0.1095890410958904,0.10790385267671185,0.003452923285654779,0.0045319618124218764,3.4577792653621677,2.501,67.94999999999891,0.006790857576877995
2026-08-07,KR6003492E24,대한항공106-2,False,True,0.5527626803211989,0.5471963256980357,0.017510282422337143,0.02298224567931739,1.2797792653621678,0.32299999999999995,114.95000000000073,0.011369930761622227
2026-08-07,KR6003492E65,대한항공107-2,False,True,0.8709362257761378,0.8624283699070052,0.027597707837024168,0.036221991536094046,1.156779265362168,0.20000000000000018,348.89999999999964,0.034716417910447724
2026-08-07,KR6003492EA8,대한항공108-2,False,True,3.0230521282002663,2.986703941235431,0.09557452611953379,0.1254415655318875,2.078779265362168,1.1220000000000003,1543.875,0.15753826530612244
2026-08-07,KR6003492G63,대한항공118-2,False,True,2.6815149036263266,2.6507398143813594,0.0848236740602035,0.11133107220401657,1.854779265362168,0.8980000000000001,1205.25,0.11944995044598612
2026-08-07,KR6003493E23,대한항공106-3,False,True,2.4290320766858753,2.4012021438387836,0.07683846860284108,0.10085049004122844,1.846779265362168,0.8900000000000001,1068.5,0.10547877591312932
2026-08-07,KR6003493F97,대한항공112-3,False,True,5.508180035268707,5.446215715960368,0.17427890291073178,0.22874106007033437,1.761779265362168,0.5870000000000002,2731.25,0.2845052083333333
2026-08-07,KR6003691D32,코리안리재보험신종자본증권 5,True,True,,,,,2.6827792653621683,1.2640000000000002,,
2026-08-07,KR60040529A4,에이치디현대오일뱅크121-2,False,True,0.1863013698630137,0.18495306204073675,0.005918497985303576,0.0077680286057109065,0.12677926536216777,-0.8300000000000001,53.849999999998545,0.005388664291718222
2026-08-07,KR6005283F96,부산은행2025-09이1A-26,False,True,0.136986301369863,0.13571835266013568,0.004342987285124342,0.005700170811725672,0.9477792653621679,-0.008999999999999897,50.850000000000364,0.00507794166109112
2026-08-07,KR6005831G68,DB손보신종자본증권 4,True,True,,,,,2.5127792653621674,1.0939999999999994,,
2026-08-07,KR6006221E25,제주은행 조건부(상)6(신종-영구-5콜)(사),True,True,,,,,2.8937792653621677,,,
2026-08-07,KR6008272F69,산은캐피탈768-2,False,True,1.3561759389219201,1.342695278327512,0.04296624890648038,0.056393201689755236,1.2267792653621679,0.27,548.1999999999989,0.05553023166296927
2026-08-07,KR6009201F22,무림페이퍼106,False,True,1.4814096600791982,1.4605961647317702,0.04673907727141665,0.06134503891873406,2.910779265362168,1.9540000000000002,746.5499999999993,0.07531247793234933
2026-08-07,KR6011331FB3,유니켐41,True,True,,,,,17.580779265362168,16.624000000000002,,
2026-08-07,KR6011791G23,SKC146-1,False,True,1.4496428498706524,1.4445052262825075,0.04622416724104024,0.06066921950386503,1.4787792653621676,0.5219999999999998,635.4500000000007,0.06355771154230853
2026-08-07,KR6023532E16,롯데쇼핑98-2,False,True,0.44721096664414306,0.4424162802073954,0.014157320966636652,0.018581483768710518,1.5457792653621678,0.589,193.35000000000036,0.019296407185628778
2026-08-07,KR6023764E98,한국캐피탈535-4,False,True,0.12876712328767123,0.12706132499955225,0.004065962399985672,0.005336575649981169,2.580779265362168,1.624,71.22500000000036,0.00708494976623897
2026-08-07,KR6023764F22,한국캐피탈542-1,False,True,0.03561643835616438,0.03497559796249654,0.0011192191347998892,0.0014689751144248476,4.539779265362167,3.5829999999999997,26.100000000000364,0.0025892857142857505
2026-08-07,KR6023765F39,한국캐피탈544-1,False,True,0.12602739726027398,0.12489676925657882,0.003996696616210522,0.0052456643087762855,0.8317792653621678,-0.125,49.649999999999636,0.004937498135385864
2026-08-07,KR6023766F46,한국캐피탈546-3,False,True,0.716324790260457,0.7083312718575446,0.022666600699441427,0.029749913418016735,1.724779265362168,0.7680000000000002,325.6999999999989,0.03264312059012176
2026-08-07,KR602376AG79,한국캐피탈571-5,False,True,1.8892302859761283,1.8647829810939862,0.05967305539500756,0.07832088520594704,2.4547792653621676,1.4979999999999998,1037.6000000000004,0.10364598941164722
2026-08-07,KR6023785F19,신한캐피탈507-5,False,True,1.3930254272262534,1.379096552050543,0.04413108966561737,0.05792205518612253,1.2507792653621679,0.29400000000000004,569.9499999999989,0.05754977987802404
2026-08-07,KR6025102E37,포스코이앤씨63-2,False,True,0.5796400525293687,0.5714412984991522,0.01828612155197287,0.024000534536964276,2.9497792653621677,1.9929999999999999,217.25,0.021681420345106336
2026-08-07,KR6025901F39,동화기업23,False,True,0.5814801871337557,0.57786898751925,0.018491807600616,0.024270497475808384,4.709779265362167,3.7529999999999997,397.5,0.04015151515151515
2026-08-07,KR6025901G61,동화기업25,False,True,1.2657130848899403,1.2570145442437732,0.04022446541580074,0.05279461085823823,5.514779265362169,4.558,1080.666666666666,0.1104298657946726
2026-08-07,KR6029272D91,SK실트론49-2,False,True,0.07671232876712329,0.07596840813050532,0.00243098906017617,0.003190673141481208,1.1277792653621677,0.17099999999999982,32.07500000000073,0.0031773469771865723
2026-08-07,KR6029692E50,롯데캐피탈461-2,False,True,0.7841802772450478,0.7755675990575142,0.024818163169840455,0.03257383916041544,1.652779265362168,0.6960000000000002,229.375,0.02260408967726041
2026-08-07,KR6029693BB5,롯데캐피탈424-3,False,True,0.26301369863013696,0.2596396809758557,0.008308469791227383,0.010904866600985889,2.4087792653621682,1.4520000000000004,67.39999999999964,0.006739999999999964
2026-08-07,KR602969DE48,롯데캐피탈460-4,False,True,0.7197633874985926,0.7114922896316249,0.022767753268212,0.029882676164528107,1.8607792653621682,0.9040000000000004,339.6749999999993,0.03380018906413247
2026-08-07,KR60302039A7,KT192-3,False,True,3.1025290674713375,3.070328992165997,0.09825052774931191,0.12895381767097125,1.4057792653621681,0.4490000000000003,1277.1499999999996,0.13807027027027022
2026-08-07,KR6030625E76,롯데카드신종자본증권 2,True,True,,,,,3.8727792653621678,2.4539999999999997,,
2026-08-07,KR6030627E58,롯데카드신종자본증권 1,True,True,,,,,4.149779265362168,2.731,,
2026-08-07,KR6031012F33,롯데물산15-2,False,True,1.5442607520095932,1.5254293269681711,0.048813738462981475,0.06406803173266289,2.1487792653621676,1.1919999999999997,682.9500000000007,0.06933502538071074
2026-08-07,KR6034021E94,두산에너빌리티79-1,False,True,0.0958904109589041,0.09505911896356771,0.003041891806834167,0.0039924829964698245,0.7087792653621681,-0.24799999999999978,33.5,0.0033270434005362995
2026-08-07,KR6034022E93,두산에너빌리티79-2,False,True,1.0732386607203215,1.0618345575719983,0.03397870584230395,0.04459705141802372,1.506779265362168,0.5500000000000003,357.39999999999964,0.035387189718506455
2026-08-07,KR6034222B94,엘지디스플레이43-2(녹),False,True,0.10410958904109589,0.10321804319301621,0.0033029773821765186,0.004335157814106661,0.6657792653621679,-0.2909999999999999,35.79999999999927,0.0035678692445683946
2026-08-07,KR6034612G48,한화호텔앤드리조트50-2,False,True,1.6175619919824524,1.5989106986823232,0.05116514235783434,0.06715424934465726,1.8767792653621682,0.9200000000000004,777.8999999999996,0.07786786786786783
2026-08-07,KR6034831E86,한국토지신탁45-1,False,True,0.057534246575342465,0.05735667985396124,0.0018354137553267598,0.002408980553866361,0.9257792653621677,-0.03100000000000014,21.04166666666606,0.0020974548112705402
2026-08-07,KR6034832E28,한국토지신탁44-2,False,True,0.5360432992780948,0.5337734277764753,0.01708074968884721,0.022418483966611856,2.3137792653621676,1.3569999999999998,277.78333333333285,0.02735703499441923
2026-08-07,KR6035651G21,이랜드월드107,False,True,0.4917768232803871,0.4890130843321035,0.015648418698627313,0.02053854954194825,3.992779265362168,3.036,337.2000000000007,0.0337274200324072
2026-08-07,KR6035651G47,이랜드월드108,False,True,0.6957121207800783,0.6916899437571307,0.022134078200228183,0.02905097763779935,4.188779265362168,3.2319999999999998,494.0500000000011,0.04950946497108911
2026-08-07,KR6035652F88,이랜드월드106-2,False,True,0.5473093562027948,0.5443390792934502,0.017418850537390406,0.022862241330324797,3.758779265362168,2.802,366.66666666666606,0.036556995679627724
2026-08-07,KR6039331F97,에스엘엘중앙21,False,True,0.12847096629216506,0.12322881260399127,0.003943322003327721,0.005175610129367608,48.25877926536217,47.302,627.6666666666661,0.06607713092606232
2026-08-07,KR6039331G13,에스엘엘중앙22,False,True,0.9407626376537207,0.9202442581772291,0.029447816261671332,0.03865025884344344,23.966779265362167,23.01,2380.0,0.2833333333333333
2026-08-07,KR6039331G47,에스엘엘중앙23,False,True,1.5954179602629044,1.5677549246180196,0.05016815758777663,0.0658457068339565,18.384779265362166,17.428,3287.5,0.4009146341463415
2026-08-07,KR6042662EB7,한화오션8-2,False,True,0.30684931506849317,0.3035054438409753,0.00971217420291121,0.012747228641320902,1.6177792653621679,0.661,17.225000000000364,0.0017054455445544914
2026-08-07,KR6042662F25,한화오션10-2,False,True,1.490549433959755,1.4730350472479765,0.04713712151193525,0.061867471984414724,1.966779265362168,1.0100000000000002,613.6499999999996,0.06092633042096899
2026-08-07,KR6042662F74,한화오션11-2,False,True,1.8984266690348992,1.8790396771657416,0.06012926966930373,0.07891966644096077,1.3377792653621676,0.3809999999999998,809.0,0.08094047023511756
2026-08-07,KR6042662G24,한화오션12-2,False,True,2.3967724756359488,2.3682001409355613,0.07578240450993796,0.0994644059192931,2.0367792653621675,1.0799999999999996,1096.75,0.11022613065326634
2026-08-07,KR6046291F90,엠지캐피탈387-1,False,True,0.12876712328767123,0.12751524239545386,0.004080487756654524,0.005355640180609037,1.137779265362168,0.18100000000000005,53.07500000000073,0.00528635458167338
2026-08-07,KR6046291FC6,엠지캐피탈392-1,False,True,0.3424657534246575,0.33845756965600626,0.0108306422289922,0.014215217925552196,1.947779265362168,0.9910000000000001,62.20000000000073,0.006195219123506048
2026-08-07,KR6046292FC4,엠지캐피탈392-2,False,True,0.3433915676573481,0.3422513004081549,0.010952041613060957,0.014374554617142437,1.208779265362168,0.2520000000000002,104.66666666666606,0.01043369618671658
2026-08-07,KR6046293F23,엠지캐피탈377-3,False,True,0.5098384293708723,0.5071988818565438,0.016230364219409404,0.02130235303797474,3.455779265362168,2.499,277.9500000000007,0.02790662650602417
2026-08-07,KR6046294EA7,엠지캐피탈368-2,False,True,0.21095890410958903,0.20846204990682998,0.00667078559701856,0.008755406096086818,2.001779265362168,1.0450000000000004,103.39999999999964,0.010300856744371353
2026-08-07,KR6046297F11,엠지캐피탈376-3,False,True,0.45610036295623596,0.4543850593571626,0.014540321899429203,0.01908417249300074,1.740779265362168,0.7840000000000003,208.5,0.020783492822966508
2026-08-07,KR6046297F29,엠지캐피탈378-3,False,True,0.5313867595327848,0.5294111735036603,0.016941157552117128,0.022235269287153626,1.6887792653621676,0.7319999999999998,201.64999999999964,0.020094868907512744
2026-08-07,KR6046297FA7,엠지캐피탈389-2,False,True,0.7287671232876712,0.69638521097723,0.02228432675127136,0.029248178861043524,1.8607792653621682,0.9040000000000004,54.0,0.00542931831892218
2026-08-07,KR6046297FB5,엠지캐피탈391-1,False,True,0.30684931506849317,0.30269184261024146,0.009686138963527727,0.012713057389630082,2.7047792653621676,1.7479999999999998,67.14999999999964,0.006693246947420846
2026-08-07,KR6048711EA8,여천NCC84-1,False,True,0.1917808219178082,0.18890288644285136,0.006044892366171244,0.00793392123059972,3.304779265362168,2.3480000000000003,117.5,0.011726546906187624
2026-08-07,KR6048712EA6,여천NCC84-2,False,True,1.1570602313252976,1.1384830344112913,0.03643145710116132,0.04781628744527401,3.737779265362168,2.781,775.0,0.07788944723618091
2026-08-07,KR6051913B27,LG화학54-3(지),False,True,1.5195609170851117,1.505357865622959,0.048171451699934684,0.06322503035616397,0.9847792653621679,0.028000000000000025,524.5,0.053854526039099716
2026-08-07,KR6055551C16,신한금융조건부(상)11-1(신종-영구-5콜),True,True,,,,,1.1547792653621678,,,
2026-08-07,KR6055551D72,신한금융조건부(상)14(신종-영구-5콜),True,True,,,,,2.5077792653621676,,,
2026-08-07,KR6060005C67,국민은행조건부(상)4206이(03)영신23,True,True,,,,,2.1297792653621674,,,
2026-08-07,KR6064981B19,한국남동발전48-1(녹),False,True,4.289251836068962,4.246762972528811,0.13589641512092196,0.1783640448462092,1.2127792653621676,0.03799999999999981,1705.0,0.18633879781420765
2026-08-07,KR606590A792,현대카드704-2,True,True,,,,,0.918779265362168,-0.03799999999999981,,
2026-08-07,KR6066574924,LG전자93-4,False,True,6.745114965987714,6.671214586406792,0.21347886676501737,0.28019101262908397,1.641779265362168,0.22299999999999986,3095.5,0.33941885964912283
2026-08-07,KR6066971F95,엘앤에프7,True,True,,,,,1.6877792653621682,0.5130000000000003,,
2026-08-07,KR6067171G17,오텍13,True,True,,,,,3.883779265362168,2.709,,
2026-08-07,KR6068172BB2,한국동서발전40-2,False,True,0.2410958904109589,0.2389311739747477,0.007645797567191926,0.010035109306939356,0.834779265362168,-0.12199999999999989,86.52499999999964,0.008667668419734499
2026-08-07,KR6073981D59,교보생명보험신종자본증권 4(지),True,True,,,,,2.971779265362168,1.553,,
2026-08-07,KR6073981EB3,교보생명보험신종자본증권 6,True,True,,,,,2.0107792653621677,0.5919999999999996,,
2026-08-07,KR6079161C75,씨제이 씨지브이35CB(신종),True,True,,,,,-2.789220734637832,-4.208,,
2026-08-07,KR6079161F72,씨제이 씨지브이41-1,False,True,0.4547432506017011,0.4484105722944724,0.014349138313423116,0.01883324403636775,2.859779265362168,1.903,256.5,0.025609025559105433
2026-08-07,KR6079162F71,씨제이 씨지브이41-2,False,True,0.9347835195348034,0.921366125334618,0.02948371601070778,0.03869737726405378,3.035779265362168,2.079,555.2000000000007,0.055493363185670955
2026-08-07,KR6082481C98,에이비엘생명보험1(후),True,True,,,,,3.684779265362168,2.5100000000000002,,
2026-08-07,KR6082481D30,에이비엘생명보험2(후),True,True,,,,,3.575779265362168,2.4010000000000002,,
2026-08-07,KR6082481E96,에이비엘생명보험3(후),True,True,,,,,3.067779265362168,1.649,,
2026-08-07,KR6082481EC1,에이비엘생명보험4(후),True,True,,,,,2.937779265362168,1.5190000000000001,,
2026-08-07,KR6086521F23,에코프로26-1,False,True,0.04657534246575343,0.04624124943855983,0.0014797199820339147,0.0019421324764195037,0.10077926536216797,-0.8559999999999999,13.5,0.0013354436640617272
2026-08-07,KR6086791C60,하나금융조건부(상)11,True,True,,,,,1.7717792653621678,,,
2026-08-07,KR6086791D85,하나금융조건부(상)13,True,True,,,,,2.4497792653621677,,,
2026-08-07,KR6086891DC9,이수앱지스8CB,True,True,,,,,-2.789220734637832,-3.746,,
2026-08-07,KR6086951C66,푸본현대생명보험20(후),True,True,,,,,3.9627792653621676,2.788,,
2026-08-07,KR6086951D40,푸본현대생명보험23(후),True,True,,,,,5.887779265362168,4.712999999999999,,
2026-08-07,KR6086951D65,푸본현대생명보험24(후),True,True,,,,,5.868779265362168,4.693999999999999,,
2026-08-07,KR6086951E31,푸본현대생명보험26(후),True,True,,,,,6.081779265362169,4.663,,
2026-08-07,KR6086951E56,푸본현대생명보험27(후),True,True,,,,,5.896779265362168,4.478,,
2026-08-07,KR6087801E80,케이디비생명보험12(후),True,True,,,,,3.237779265362168,1.819,,
2026-08-07,KR6088351C68,한화생명보험3(후),True,True,,,,,2.578779265362168,1.4040000000000004,,
2026-08-07,KR6088351D83,한화생명보험4(후),True,True,,,,,2.9357792653621675,1.7609999999999997,,
2026-08-07,KR6088351E74,한화생명보험신종자본증권 5,True,True,,,,,2.218779265362168,0.7999999999999998,,
2026-08-07,KR6095081C37,흥국생명보험신종자본증권 2,True,True,,,,,2.085779265362168,0.6669999999999998,,
2026-08-07,KR6095081C94,흥국생명보험8(후),True,True,,,,,3.243779265362168,2.0690000000000004,,
2026-08-07,KR6095081F26,흥국생명보험9(후),True,True,,,,,2.812779265362168,1.3940000000000001,,
2026-08-07,KR6095231FC2,애큐온캐피탈252-1,False,True,0.2958904109589041,0.29302535554506226,0.009376811377441993,0.012307064932892556,1.1217792653621679,0.16500000000000004,47.30000000000109,0.004704174084277426
2026-08-07,KR6095232FB2,애큐온캐피탈251-2,False,True,0.7487449733574454,0.7396089537561723,0.023667486520197515,0.031063576057759088,2.1517792653621677,1.1949999999999998,274.60000000000036,0.02740518962075852
2026-08-07,KR6095234F22,애큐온캐피탈241-4,False,True,0.5127367884601696,0.5108704085675362,0.01634785307416116,0.02145655715983642,1.5947792653621682,0.6380000000000003,187.0500000000011,0.018626025651238855
2026-08-07,KR6095234F30,애큐온캐피탈243-4,False,True,0.5877286998957394,0.5853992985203771,0.018732777552652066,0.024586770537855723,1.9857792653621682,1.0290000000000004,247.07500000000073,0.024665568533493134
2026-08-07,KR6095235F96,애큐온캐피탈250-5,False,True,1.5628596435045965,1.5413349016037008,0.04932271685131843,0.06473606586735513,2.796779265362168,1.8400000000000003,784.3500000000004,0.07987270875763751
2026-08-07,KR6095237F94,애큐온캐피탈250-7,False,True,1.9483038902876397,1.9264007141675545,0.061644822853361744,0.0809088299950369,1.7587792653621679,0.802,846.6000000000004,0.08466000000000004
2026-08-07,KR60959219A1,현대커머셜366,False,True,3.1016564339325052,3.070240201075005,0.09824768643440017,0.1289500884451496,1.3037792653621678,0.347,1294.0750000000007,0.13461718506189543
2026-08-07,KR6103161EB6,풀무원식품신종자본증권 77,True,True,,,,,3.758779265362168,2.34,,
2026-08-07,KR6105561C25,KB금융조건부(상)8-1,True,True,,,,,1.2347792653621679,,,
2026-08-07,KR6105561C58,KB금융조건부(상)9-1,True,True,,,,,1.918779265362168,,,
2026-08-07,KR6105561D24,KB금융조건부(상)11-2,True,True,,,,,2.293779265362168,,,
2026-08-07,KR6105562B58,KB금융조건부(상)6-2(녹),True,True,,,,,1.1107792653621678,,,
2026-08-07,KR6105563B24,KB금융조건부(상)5-3,True,True,,,,,0.7677792653621678,,,
2026-08-07,KR6108261B80,케이비라이프생명보험2(후),True,True,,,,,0.882779265362168,-0.2919999999999998,,
2026-08-07,KR6108672B91,LX하우시스13-2,False,True,0.14520547945205478,0.14353757285547417,0.004593202331375173,0.006028578059929886,1.8587792653621675,0.9019999999999997,66.95000000000073,0.006695000000000072
2026-08-07,KR6120112E42,코오롱인더스트리65-2,False,True,0.6647829186467317,0.6550618015122893,0.02096197764839326,0.02751259566351602,3.146779265362168,2.19,396.10000000000036,0.03987717708647945
2026-08-07,KR6123272EB7,코리아세븐30-2,False,True,0.24931506849315066,0.24659817312079235,0.007891141539865355,0.01035712327107323,1.6177792653621679,0.661,3.1749999999992724,0.000314200890648122
2026-08-07,KR6123892E42,한국자산신탁8-2,False,True,0.7102633362348592,0.706891463951809,0.02262052684645789,0.02968944148597584,2.934779265362168,1.9780000000000002,417.5,0.04133663366336634
2026-08-07,KR6123892F25,한국자산신탁9-2,False,True,1.4885391369360608,1.481427052561223,0.047405665681959135,0.06221993620757107,2.971779265362168,2.015,889.6749999999993,0.08896749999999992
2026-08-07,KR6138041E24,메리츠금융지주신종자본증권 6,True,True,,,,,3.067779265362168,1.649,,
2026-08-07,KR6138041F49,메리츠금융지주신종자본증권 8,True,True,,,,,2.219779265362168,0.8010000000000002,,
2026-08-07,KR6138931D93,BNK금융 조건부(상)10,True,True,,,,,2.8827792653621676,,,
2026-08-07,KR6138931E27,BNK금융 조건부(상)11,True,True,,,,,2.287779265362168,,,
2026-08-07,KR6139131D65,iM금융지주7(신종-영구-5콜),True,True,,,,,2.9787792653621676,,,
2026-08-07,KR6139482G18,이마트29-2,False,True,2.364898700006603,2.342138964617928,0.0749484468677737,0.09836983651395251,1.0977792653621679,0.14100000000000001,950.5,0.09552763819095478
2026-08-07,KR6140481F83,제이티비씨41,False,True,0.9093965809259774,0.8201807376988383,0.026245783606362826,0.03444759098335105,127.74177926536217,126.78500000000001,7382.0,2.1724543849323132
2026-08-07,KR6140481G25,제이티비씨42,False,True,1.515068493150685,0.7666458322921345,0.024532666633348302,0.0321991249562695,94.83377926536217,93.87700000000001,6900.0,2.225806451612903
2026-08-07,KR6140483F24,제이티비씨37-2,False,True,0.5216390365001891,0.4318087770818989,0.013817880866620766,0.01813596863743967,246.84977926536217,245.893,7137.1,2.2318083742455985
2026-08-07,KR6150351D99,삼척블루파워9,False,True,0.10684931506849314,0.10646683297104466,0.003406938655073429,0.004471606984783855,1.5217792653621678,0.565,-16.316666666667516,-0.0016190381689489498
2026-08-07,KR6150351E64,삼척블루파워10,False,True,0.8595574005972402,0.8556265098067696,0.027380048313816626,0.03593631341188415,2.7237792653621677,1.767,488.625,0.048306969846762235
2026-08-07,KR6150351E98,삼척블루파워11,False,True,1.0670208134390111,1.0622759807251057,0.03399283138320338,0.044615591190454225,2.570779265362168,1.6140000000000003,539.9583333333339,0.05321936282964882
2026-08-07,KR6150351F48,삼척블루파워12,False,True,1.6411923906559531,1.6331978869990924,0.05226233238397096,0.06859431125396155,3.0847792653621675,2.1279999999999997,1005.375,0.10074907305341217
2026-08-07,KR6150351F89,삼척블루파워13,False,True,1.944434547616383,1.9351233789579636,0.06192394812665484,0.08127518191623409,2.984779265362168,2.028,1179.791666666666,0.11833416917418918
2026-08-07,KR6150351G21,삼척블루파워14,False,True,2.3606761194287844,2.3485789805299047,0.07515452737695695,0.09864031718225554,3.391779265362168,2.435,1579.8500000000004,0.15682449870954937
2026-08-07,KR6155722G30,한화에너지27-2,False,True,2.4567554398291014,2.4291841991685383,0.07773389437339323,0.10202573636507813,1.7507792653621679,0.794,1060.75,0.106957398537938
2026-08-07,KR6157181C34,농협생명보험2(후),True,True,,,,,1.649779265362168,0.4750000000000001,,
2026-08-07,KR6166261FB5,농협금융 조건부(상)8,True,True,,,,,0.9587792653621681,,,
2026-08-07,KR6169371E60,메리츠캐피탈신종자본증권 257,True,True,,,,,3.8777792653621677,2.4589999999999996,,
2026-08-07,KR6169376F64,메리츠캐피탈신종자본증권 280,True,True,,,,,2.9117792653621675,1.4929999999999994,,
2026-08-07,KR6169379E54,메리츠캐피탈256-4,False,True,0.04657534246575343,0.048069461502917875,0.001538222768093372,0.0020189173831225414,-15.222220734637832,-16.179,-58.5,-0.0057437407952871875
2026-08-07,KR6175331E41,JB금융지주조건부(상)7(신종-영구-5콜),True,True,,,,,2.396779265362168,,,
2026-08-07,KR6175331E90,JB금융지주조건부(상)8(신종-영구-5콜),True,True,,,,,1.9967792653621674,,,
2026-08-07,KR6175331EC6,JB금융지주조건부(상)9(신종-영구-5콜),True,True,,,,,2.211779265362168,,,
2026-08-07,KR6181651DA5,에스케이인천석화신종2,True,True,,,,,4.499779265362168,3.0809999999999995,,
2026-08-07,KR6181652C26,에스케이인천석유화학23-2,False,True,0.49622754479585746,0.49192565494337764,0.015741620958188086,0.02066087750762176,0.7087792653621681,-0.24799999999999978,175.35000000000036,0.017500000000000036
2026-08-07,KR6192521C55,경남은행 조건부(상)22-05이(신)영A10(사),True,True,,,,,2.463779265362168,,,
2026-08-07,KR6206352E97,에스케이어드밴스드14-2,False,True,0.09041095890410959,0.08977520085670933,0.0028728064274146986,0.003770558435981774,5.708779265362168,4.751999999999999,23.683333333334303,0.002361744067385425
2026-08-07,KR6214341F37,한국투자캐피탈125-1,False,True,0.4364101364074694,0.431512469874395,0.013808399035980641,0.018123523734724506,1.7507792653621679,0.794,163.60000000000036,0.016286709805873604
2026-08-07,KR6214341F60,한국투자캐피탈127-1,False,True,0.36164383561643837,0.3581669301420841,0.011461341764546691,0.015043011065967463,1.0937792653621679,0.137,45.475000000000364,0.0045250557236109264
2026-08-07,KR6214342EA0,한국투자캐피탈114-2,False,True,0.15342465753424658,0.15194321122480475,0.004862182759193753,0.006381614871441769,1.1107792653621678,0.15399999999999991,61.774999999999636,0.00614370959721528
2026-08-07,KR6214342G35,한국투자캐피탈134-2,False,True,1.5606738897246946,1.5408432372611438,0.0493069835923566,0.06471541596496773,2.3587792653621675,1.4019999999999997,714.5,0.07170095333667838
2026-08-07,KR6214343F43,한국투자캐피탈126-3,False,True,0.646320613795246,0.6386772438791226,0.020437671804131925,0.02682444424292302,1.9977792653621678,1.041,313.7999999999993,0.03137999999999993
2026-08-07,KR6214343G34,한국투자캐피탈134-3,False,True,1.5633029844134283,1.5438161648723274,0.04940211727591448,0.06484027892463745,2.259779265362168,1.3030000000000004,699.5,0.07009018036072144
2026-08-07,KR6214344F67,한국투자캐피탈128-2,False,True,0.29863013698630136,0.29566096177764933,0.009461150776884778,0.012417760394661213,1.2277792653621682,0.27100000000000035,56.524999999999636,0.005631101813110145
2026-08-07,KR6214346EB9,한국투자캐피탈117-5,False,True,0.2684931506849315,0.26605739523158634,0.008513836647410762,0.011174410599726573,0.8727792653621678,-0.08400000000000007,-19.92500000000109,-0.001965435947009784
2026-08-07,KR6214348E49,한국투자캐피탈111-3,False,True,0.6708515816804849,0.6635049234159616,0.021232157549310772,0.027867206783470252,1.6397792653621681,0.6830000000000003,303.10000000000036,0.029918073240548848
2026-08-07,KR621434AEB8,한국투자캐피탈119-3,False,True,0.14246575342465753,0.1411079422503535,0.004515454152011312,0.005926533574514819,1.059779265362168,0.1030000000000002,15.875,0.0015719378156253095
2026-08-07,KR6251272E33,넷마블2-2,False,True,0.5713258781307274,0.5649392400222757,0.018078055680712822,0.02372744808093547,1.732779265362168,0.7760000000000002,140.29999999999927,0.013877349159248197
2026-08-07,KR6290291F86,신한자산신탁1,False,True,0.9589496141059055,0.9470265498433773,0.030304849594988074,0.03977511509342166,2.2467792653621674,1.2899999999999996,497.0,0.04945273631840796
2026-08-07,KR6294871F60,IPARK현대산업개발5-1,False,True,0.8718210886662603,0.8617089343219917,0.027574685898303735,0.03619177524152348,1.9047792653621678,0.948,414.7000000000007,0.04167839195979907
2026-08-07,KR6310101F41,키움캐피탈214,False,True,0.16986301369863013,0.16829325833154268,0.005385384266609366,0.007068316849924759,0.9417792653621677,-0.015000000000000124,66.14999999999964,0.0065908117209839525
2026-08-07,KR6310102F32,키움캐피탈211-2,False,True,0.07671232876712329,0.07527698485833695,0.0024088635154667823,0.003161633364050137,4.837779265362167,3.881,58.32500000000073,0.005803482587064749
2026-08-07,KR6310102FC4,키움캐피탈229-2,False,True,1.2681280924709721,1.2548331354013944,0.04015466033284462,0.05270299168685832,1.4487792653621683,0.49200000000000044,478.375,0.04759950248756219
2026-08-07,KR6310106F61,키움캐피탈222-2,False,True,0.6276205737756642,0.6203194142697096,0.019850221256630707,0.02605341539932768,1.918779265362168,0.9620000000000002,298.9249999999993,0.02986263736263729
2026-08-07,KR6310107F60,키움캐피탈222-3,False,True,0.8701629412900156,0.8597959516035557,0.027513470451313783,0.036111429967349166,2.0337792653621682,1.0770000000000004,426.2000000000007,0.0426242624262427
2026-08-07,KR6310108F36,키움캐피탈213-2,False,True,0.6095865243503025,0.6023998936194228,0.01927679659582153,0.025300795532015637,1.982779265362168,1.0260000000000002,182.60000000000036,0.018176388612383073
2026-08-07,KR6316141995,우리금융조건부(상)3-1(후),False,True,1.072873982176569,1.0620306492477494,0.03398498077592798,0.044605287268405264,1.2947792653621675,0.33799999999999963,383.0,0.03896236012207528
2026-08-07,KR6316141C27,우리금융조건부(상)11(신종),True,True,,,,,1.3437792653621679,,,
2026-08-07,KR6316141D26,우리금융조건부(상)14(신종),True,True,,,,,1.8767792653621682,,,
2026-08-07,KR6316141E25,우리금융조건부(상)16(신종),True,True,,,,,1.7227792653621674,,,
2026-08-07,KR6329183E19,에이치디현대중공업8-3,False,True,0.4768491300584337,0.47238392104475807,0.015116285473432259,0.019840124683879745,0.991779265362168,0.03500000000000014,180.45000000000073,0.01795611721976225
2026-08-07,KR6331593E27,에이치디현대케미칼6-3,False,True,2.373353020325961,2.344388105285163,0.07502041936912522,0.09846430042197639,2.152779265362168,1.1960000000000002,1235.5,0.12356853528029205
2026-08-07,KR6336262F33,두산퓨얼셀10-2,False,True,1.5322646614369506,1.512612049385312,0.048403585580329984,0.0635297060741828,2.407779265362168,1.451,696.2000000000007,0.06917726550079499
2026-08-07,KR6336262F82,두산퓨얼셀11-2,False,True,1.963067628532975,1.937645716729484,0.06200466293534349,0.08138112010263794,2.458779265362168,1.5020000000000002,950.5,0.094572409332869
2026-08-07,KR6348371EB6,엔켐14CB,True,True,,,,,-2.789220734637832,-3.746,,
2026-08-07,KR6361612E21,SK아이이테크놀로지1-2,False,True,0.5525544596893872,0.5452938717865493,0.017449403897169577,0.022902342615034963,2.5367792653621675,1.5799999999999996,178.29999999999927,0.017723658051689788
2026-08-07,KR6361612FA4,SK아이이테크놀로지6-2(녹),False,True,2.1271436831200066,2.1026582280543145,0.06728506329773806,0.08831164557828079,1.8687792653621682,0.9120000000000004,1035.0,0.1035
2026-08-07,KR6404712DA6,에스케이온4-2(녹),False,True,0.23013698630136986,0.22729522771684005,0.007273447286938882,0.009546399564107237,2.211779265362168,1.2550000000000003,115.85000000000036,0.011550348953140615
2026-08-07,KR6404712E36,에스케이온5-2(녹),False,True,0.5715372812087007,0.564411584948723,0.018061170718359137,0.023705286567846255,2.2607792653621677,1.3039999999999998,176.5,0.017544731610337972
2026-08-07,KR6427082F20,세아베스틸2-2,False,True,3.3136422304952027,3.276025270328654,0.10483280865051693,0.1375930613538028,1.8037792653621678,0.847,1497.25,0.15257043868140827
2026-08-07,KR6473521DC3,뉴스타반포3제일차유1,False,True,0.14794520547945206,0.1464133557449703,0.00468522738383905,0.006149360941288724,1.3957792653621675,0.4389999999999996,61.75,0.006141223272003978
2026-08-07,KRC0355P2694,국고채원금03290-2609(21-7),False,True,0.09315068493150686,0.0905747393445479,0.002898391659025533,0.003804139052470994,0.054779265362167706,-0.9020000000000001,353.10000000000036,0.03539530267945753
2026-08-07,KRC035AP26C3,국고채원금03580-2612(16-8),False,True,0.3424657534246575,0.3323425978928416,0.01063496313257093,0.01395838911149928,0.25677926536216766,-0.7000000000000002,458.7999999999993,0.04634717957006619
2026-08-07,KRC035FP2732,국고채원금03260-2703(07-3),False,True,0.589041095890411,0.5698210324653545,0.018234273038891347,0.02393248336354478,0.5837792653621681,-0.3729999999999998,518.2000000000007,0.05283549827688174
